Date,News_Count,Avg_Sentiment,Positive_Sentiment,Negative_Sentiment,Neutral_Sentiment,Max_Sentiment,Min_Sentiment,Sentiment_Std
2008-01-02,3,-0.4787922,0.08425445,0.56304663,0.35269892,-0.06987688,-0.95072275,0.44379112
2008-01-30,1,0.08016062,0.09628698,0.016126368,0.88758665,0.08016062,0.08016062,0.0
2008-02-22,2,-0.41591486,0.070289336,0.48620418,0.44350648,-0.021389645,-0.81044006,0.5579429
2008-02-29,1,-0.92659044,0.020833055,0.9474235,0.03174354,-0.92659044,-0.92659044,0.0
2008-03-10,1,-0.9610297,0.0070664417,0.96809614,0.024837507,-0.9610297,-0.9610297,0.0
2008-04-07,1,-0.01167728,0.03363573,0.04531301,0.92105126,-0.01167728,-0.01167728,0.0
2008-04-23,1,-0.5390297,0.105785884,0.6448156,0.24939844,-0.5390297,-0.5390297,0.0
2008-04-24,1,-0.944855,0.012279505,0.9571345,0.030585986,-0.944855,-0.944855,0.0
2008-05-06,1,0.7009332,0.8174103,0.11647704,0.06611266,0.7009332,0.7009332,0.0
2008-05-07,1,-0.9347988,0.021360956,0.9561597,0.02247927,-0.9347988,-0.9347988,0.0
2008-05-08,1,-0.95009816,0.017934917,0.9680331,0.014032033,-0.95009816,-0.95009816,0.0
2008-05-12,3,0.15858515,0.3280997,0.16951454,0.5023858,0.6255341,-0.22611785,0.4317419
2008-05-16,1,-0.84556454,0.061946593,0.9075111,0.030542279,-0.84556454,-0.84556454,0.0
2008-06-20,1,-0.9133126,0.025434861,0.93874747,0.035817634,-0.9133126,-0.9133126,0.0
2008-06-24,2,0.08790861,0.1286175,0.040708885,0.8306736,0.1340786,0.041738614,0.065294236
2008-07-01,1,-0.9118128,0.012050429,0.92386323,0.06408628,-0.9118128,-0.9118128,0.0
2008-07-09,1,-0.9398515,0.011760679,0.9516122,0.0366272,-0.9398515,-0.9398515,0.0
2008-07-29,1,0.8153944,0.8847352,0.069340855,0.04592387,0.8153944,0.8153944,0.0
2008-07-31,1,-0.5977538,0.05384339,0.6515972,0.2945594,-0.5977538,-0.5977538,0.0
2008-08-13,1,-0.9322074,0.016787872,0.9489953,0.03421683,-0.9322074,-0.9322074,0.0
2008-08-19,2,0.031424664,0.05048403,0.019059371,0.93045664,0.038143005,0.024706319,0.009501172
2008-08-26,2,0.41147915,0.46765038,0.056171235,0.47617835,0.81633425,0.0066240355,0.5725516
2008-08-28,1,0.027043533,0.05118396,0.024140429,0.9246756,0.027043533,0.027043533,0.0
2008-09-09,1,0.16210333,0.17423806,0.012134737,0.8136272,0.16210333,0.16210333,0.0
2008-09-16,2,-0.77437115,0.08184535,0.85621655,0.061938114,-0.7087645,-0.83997786,0.092781864
2008-09-19,1,0.023403373,0.049056955,0.025653582,0.9252895,0.023403373,0.023403373,0.0
2008-09-24,1,0.06560056,0.08259118,0.01699062,0.9004183,0.06560056,0.06560056,0.0
2008-10-01,1,-0.14717028,0.03978196,0.18695223,0.77326584,-0.14717028,-0.14717028,0.0
2008-10-13,1,-0.797943,0.027512953,0.82545596,0.1470311,-0.797943,-0.797943,0.0
2008-10-21,1,0.016748548,0.038457118,0.02170857,0.93983436,0.016748548,0.016748548,0.0
2008-11-05,1,0.00083855167,0.037122272,0.03628372,0.9265941,0.00083855167,0.00083855167,0.0
2008-11-07,1,0.008665539,0.047028996,0.038363457,0.9146076,0.008665539,0.008665539,0.0
2008-11-24,1,0.88767993,0.9155457,0.027865795,0.056588445,0.88767993,0.88767993,0.0
2008-12-02,1,-0.0036077946,0.06700076,0.070608556,0.8623907,-0.0036077946,-0.0036077946,0.0
2008-12-18,1,0.011729941,0.041192986,0.029463045,0.92934394,0.011729941,0.011729941,0.0
2009-01-12,1,-0.958588,0.011517559,0.9701056,0.01837676,-0.958588,-0.958588,0.0
2009-01-20,1,-0.014573522,0.034296546,0.048870068,0.91683334,-0.014573522,-0.014573522,0.0
2009-01-23,1,-0.933328,0.012186689,0.9455147,0.042298716,-0.933328,-0.933328,0.0
2009-03-02,1,-0.5273949,0.10186427,0.62925917,0.26887658,-0.5273949,-0.5273949,0.0
2009-03-09,1,0.038545307,0.08060557,0.04206026,0.8773342,0.038545307,0.038545307,0.0
2009-05-11,2,0.0191143,0.23603548,0.21692118,0.5470433,0.42805898,-0.38983038,0.5783351
2009-05-29,1,-0.04162696,0.025951711,0.06757867,0.90646964,-0.04162696,-0.04162696,0.0
2009-06-17,3,-0.061043043,0.2817861,0.3428292,0.37538466,0.7138482,-0.93381387,0.82818043
2009-06-24,1,0.0012606904,0.03748312,0.036222428,0.9262945,0.0012606904,0.0012606904,0.0
2009-07-08,1,-0.0825966,0.024282346,0.106878944,0.86883867,-0.0825966,-0.0825966,0.0
2009-08-07,1,-0.03741394,0.028176136,0.065590076,0.9062337,-0.03741394,-0.03741394,0.0
2009-08-14,1,0.030747022,0.044559456,0.013812435,0.9416281,0.030747022,0.030747022,0.0
2009-09-08,1,0.80559784,0.816908,0.01131018,0.17178181,0.80559784,0.80559784,0.0
2009-09-16,1,-0.021756781,0.021050556,0.042807337,0.9361421,-0.021756781,-0.021756781,0.0
2009-09-25,1,-0.07414844,0.023999607,0.09814805,0.8778524,-0.07414844,-0.07414844,0.0
2009-09-30,1,-0.044649772,0.027031427,0.0716812,0.9012874,-0.044649772,-0.044649772,0.0
2009-10-06,2,0.42490676,0.45448914,0.029582355,0.5159285,0.8666738,-0.016860291,0.62475294
2009-10-09,1,0.29312697,0.30598903,0.012862047,0.68114895,0.29312697,0.29312697,0.0
2009-10-12,1,0.12905125,0.14594845,0.016897198,0.8371543,0.12905125,0.12905125,0.0
2009-10-19,1,0.54464626,0.5989013,0.054255005,0.3468437,0.54464626,0.54464626,0.0
2009-10-27,1,0.062928535,0.07480098,0.011872448,0.9133266,0.062928535,0.062928535,0.0
2009-10-28,1,-0.48399705,0.20942755,0.6934246,0.09714785,-0.48399705,-0.48399705,0.0
2009-10-30,1,-0.043483093,0.027641116,0.07112421,0.9012347,-0.043483093,-0.043483093,0.0
2009-11-05,2,0.16190715,0.18187663,0.019969475,0.79815394,0.1745515,0.1492628,0.017881813
2009-11-23,1,0.015715402,0.073014855,0.057299454,0.86968565,0.015715402,0.015715402,0.0
2009-11-24,1,0.15716313,0.17083637,0.013673249,0.81549037,0.15716313,0.15716313,0.0
2009-12-03,1,-0.019954108,0.039106134,0.059060242,0.9018336,-0.019954108,-0.019954108,0.0
2009-12-07,1,-0.9416135,0.010948836,0.95256233,0.0364889,-0.9416135,-0.9416135,0.0
2009-12-16,3,0.30639842,0.3343836,0.027985184,0.63763124,0.8562838,0.026890991,0.47623658
2009-12-22,1,0.87813365,0.92018914,0.04205547,0.03775541,0.87813365,0.87813365,0.0
2009-12-30,2,-0.11032435,0.3759132,0.48623756,0.13784917,0.69716346,-0.91781217,1.1419603
2010-01-05,3,-0.19409591,0.09172567,0.2858216,0.62245274,0.053629555,-0.67507064,0.4165992
2010-01-28,2,-0.013035142,0.032367405,0.04540255,0.92223,-0.012533801,-0.013536483,0.0007090035
2010-02-12,1,0.011454292,0.052053556,0.040599264,0.9073472,0.011454292,0.011454292,0.0
2010-02-23,1,-0.9560373,0.0088247815,0.96486205,0.0263131,-0.9560373,-0.9560373,0.0
2010-02-26,2,-0.08402341,0.029619945,0.113643356,0.8567367,-0.015703108,-0.1523437,0.096619494
2010-03-05,2,0.30395758,0.4175791,0.11362155,0.4687993,0.576494,0.031421166,0.38542467
2010-03-10,1,-0.5146967,0.03894362,0.55364037,0.407416,-0.5146967,-0.5146967,0.0
2010-03-12,1,-0.5971629,0.03508167,0.6322446,0.33267373,-0.5971629,-0.5971629,0.0
2010-03-22,1,0.0034411103,0.039974038,0.036532927,0.923493,0.0034411103,0.0034411103,0.0
2010-03-24,1,0.029956836,0.06046497,0.030508135,0.90902686,0.029956836,0.029956836,0.0
2010-04-15,1,0.013407957,0.043479122,0.030071165,0.9264498,0.013407957,0.013407957,0.0
2010-04-19,2,-0.10645291,0.032342218,0.13879514,0.82886267,-0.08623157,-0.12667426,0.028597306
2010-04-23,1,0.16612804,0.18262781,0.016499769,0.8008724,0.16612804,0.16612804,0.0
2010-05-05,1,-0.87845767,0.039039604,0.9174973,0.043463096,-0.87845767,-0.87845767,0.0
2010-05-17,1,-0.5533412,0.025766619,0.5791078,0.39512557,-0.5533412,-0.5533412,0.0
2010-05-18,1,0.10704996,0.120928355,0.0138783995,0.8651933,0.10704996,0.10704996,0.0
2010-05-20,1,-0.04333912,0.025297606,0.06863672,0.9060657,-0.04333912,-0.04333912,0.0
2010-06-11,2,0.29814574,0.41071826,0.112572536,0.4767092,0.4320554,0.16423605,0.18937689
2010-06-14,1,-0.01177654,0.045940753,0.057717294,0.896342,-0.01177654,-0.01177654,0.0
2010-06-23,1,-0.02351711,0.09779334,0.12131045,0.7808962,-0.02351711,-0.02351711,0.0
2010-06-30,3,-0.30943164,0.049709614,0.35914123,0.59114915,0.05611902,-0.95841074,0.5635303
2010-07-07,1,-0.011678381,0.024120169,0.03579855,0.94008136,-0.011678381,-0.011678381,0.0
2010-07-13,4,0.2982416,0.362388,0.06414643,0.5734655,0.7732202,0.011014581,0.36460164
2010-07-14,2,-0.07099849,0.05055306,0.12155154,0.8278954,0.031435423,-0.1734324,0.14486343
2010-07-20,1,-0.3078101,0.029092003,0.3369021,0.6340059,-0.3078101,-0.3078101,0.0
2010-08-02,2,0.2546014,0.26637426,0.011772856,0.7218529,0.31128627,0.19791651,0.08016453
2010-08-09,1,0.03343686,0.05635407,0.022917207,0.9207287,0.03343686,0.03343686,0.0
2010-08-24,1,-0.042378176,0.028366175,0.07074435,0.90088946,-0.042378176,-0.042378176,0.0
2010-08-30,2,0.41619083,0.5022756,0.08608478,0.4116397,0.9256124,-0.09323074,0.7204309
2010-09-07,2,-0.70180064,0.024593703,0.72639436,0.24901198,-0.5257145,-0.8778868,0.2490234
2010-09-14,1,-0.041883893,0.027643995,0.06952789,0.90282804,-0.041883893,-0.041883893,0.0
2010-09-15,3,0.24810912,0.28783575,0.039726634,0.67243767,0.7844814,-0.04285184,0.46507
2010-09-21,1,-0.042931706,0.027709974,0.07064168,0.90164834,-0.042931706,-0.042931706,0.0
2010-09-22,2,-0.30684054,0.123508155,0.4303487,0.44614312,0.058385603,-0.6720667,0.51650774
2010-09-30,7,0.084417455,0.18000123,0.0955838,0.72441494,0.32347783,-0.13320462,0.1716298
2010-10-01,1,-0.87610525,0.012027934,0.88813317,0.09983897,-0.87610525,-0.87610525,0.0
2010-10-08,1,-0.04044225,0.02887647,0.06931872,0.9018048,-0.04044225,-0.04044225,0.0
2010-10-19,4,-0.06166163,0.11186107,0.17352271,0.71461624,0.17914735,-0.36751506,0.22671083
2010-10-20,1,-0.86365587,0.0195592,0.88321507,0.0972257,-0.86365587,-0.86365587,0.0
2010-10-26,1,0.17935121,0.1912998,0.011948585,0.7967517,0.17935121,0.17935121,0.0
2010-10-29,1,0.008602537,0.050123442,0.041520905,0.90835565,0.008602537,0.008602537,0.0
2010-11-22,2,0.06299707,0.09459405,0.031596974,0.873809,0.11816378,0.0078303665,0.0780175
2010-11-29,2,-0.27742037,0.10337983,0.3808002,0.51582,0.048925824,-0.60376656,0.4615232
2010-11-30,1,-0.012489619,0.02400343,0.036493048,0.9395035,-0.012489619,-0.012489619,0.0
2010-12-02,1,0.55418706,0.5728002,0.018613132,0.40858662,0.55418706,0.55418706,0.0
2010-12-10,4,-0.25038368,0.15287663,0.40326032,0.44386306,0.5039991,-0.8423742,0.6240531
2010-12-16,1,0.014682215,0.06743466,0.052752446,0.8798129,0.014682215,0.014682215,0.0
2010-12-17,1,0.05094947,0.08627945,0.035329983,0.87839055,0.05094947,0.05094947,0.0
2010-12-22,2,-0.013856731,0.02471612,0.03857285,0.936711,-0.013293585,-0.014419878,0.0007964095
2010-12-23,1,0.0023660772,0.043433636,0.04106756,0.91549885,0.0023660772,0.0023660772,0.0
2011-01-06,2,0.03050365,0.1031804,0.07267675,0.8241429,0.055072464,0.0059348345,0.03474555
2011-01-11,1,0.7468925,0.85176957,0.104877055,0.043353423,0.7468925,0.7468925,0.0
2011-01-31,1,0.007903896,0.06650488,0.058600985,0.8748942,0.007903896,0.007903896,0.0
2011-02-03,2,0.50694007,0.5298255,0.022885447,0.44728905,0.890633,0.12324716,0.5426237
2011-02-15,3,0.19652718,0.2522822,0.055755008,0.6919627,0.6211243,-0.030531973,0.36800805
2011-02-24,1,-0.014324123,0.02394543,0.038269553,0.937785,-0.014324123,-0.014324123,0.0
2011-03-08,2,-0.049457207,0.098743156,0.14820036,0.7530564,0.011313587,-0.110228,0.08594288
2011-03-11,2,0.07569869,0.26178223,0.18608356,0.5521342,0.16630983,-0.014912458,0.1281435
2011-03-23,1,-0.010408279,0.05528972,0.065698,0.87901235,-0.010408279,-0.010408279,0.0
2011-03-30,1,0.030702922,0.06149371,0.030790787,0.90771544,0.030702922,0.030702922,0.0
2011-04-01,1,-0.43757117,0.04147669,0.47904786,0.4794755,-0.43757117,-0.43757117,0.0
2011-04-04,3,-0.23659527,0.09971311,0.3363084,0.5639785,0.07992026,-0.4893747,0.28994983
2011-04-14,2,0.11745057,0.13120839,0.013757819,0.8550339,0.17422953,0.060671613,0.080297574
2011-05-02,4,-0.028393414,0.040681694,0.06907511,0.8902432,0.026604632,-0.16941293,0.094233625
2011-05-11,2,-0.46560115,0.023067689,0.48866883,0.4882635,-0.013203191,-0.9179991,0.6397873
2011-05-26,1,-0.79393214,0.016236557,0.8101687,0.17359471,-0.79393214,-0.79393214,0.0
2011-06-08,2,-0.02246819,0.048682183,0.07115038,0.8801675,0.017608888,-0.06254527,0.05667755
2011-06-10,2,-0.37184718,0.09639206,0.46823925,0.43536875,0.14840865,-0.892103,0.7357529
2011-06-13,2,0.19303338,0.25577462,0.06274123,0.68148416,0.29843304,0.08763374,0.14905761
2011-06-16,4,0.16946846,0.22261791,0.05314944,0.7242327,0.7124205,-0.020311363,0.36207312
2011-06-20,2,0.36775553,0.3890774,0.02132186,0.58960074,0.7122531,0.023257952,0.48719314
2011-06-21,2,-0.0028626975,0.046216786,0.049079485,0.90470374,0.013694599,-0.019419994,0.023415554
2011-06-27,2,-0.06329893,0.05033968,0.11363861,0.8360217,-0.006350223,-0.12024764,0.08053763
2011-06-30,4,0.1633509,0.22815822,0.06480732,0.70703447,0.65910715,-0.16724677,0.35570908
2011-07-01,4,-0.28393355,0.049323082,0.33325663,0.61742026,0.071729876,-0.9211997,0.44961777
2011-07-15,3,0.08272422,0.101149105,0.018424878,0.880426,0.09512811,0.062856466,0.017382367
2011-07-19,3,-0.45092306,0.045751303,0.4966743,0.45757437,0.051757302,-0.8997964,0.47805336
2011-07-20,3,0.13931407,0.16111036,0.021796273,0.8170934,0.23068419,0.022933938,0.106109224
2011-07-25,2,0.01876389,0.046714276,0.027950384,0.9253353,0.05038815,-0.012860369,0.044723455
2011-07-27,2,-0.07393776,0.037172105,0.11110987,0.85171807,0.030290842,-0.17816636,0.1474015
2011-07-28,1,-0.6975586,0.020817224,0.7183758,0.26080692,-0.6975586,-0.6975586,0.0
2011-08-02,3,-0.19694455,0.07837918,0.27532372,0.64629704,0.1809547,-0.75795346,0.4955139
2011-08-03,1,-0.013063341,0.02693579,0.03999913,0.9330651,-0.013063341,-0.013063341,0.0
2011-08-11,4,-0.29918855,0.20175368,0.50094223,0.2973041,0.4402465,-0.93209565,0.62790763
2011-08-12,2,-0.026543498,0.029577786,0.056121282,0.9143009,-0.017537612,-0.035549384,0.012736245
2011-08-24,1,-0.08667161,0.045085557,0.13175717,0.82315725,-0.08667161,-0.08667161,0.0
2011-08-29,1,0.2508203,0.28403544,0.033215135,0.68274945,0.2508203,0.2508203,0.0
2011-08-30,3,0.30072552,0.35471424,0.053988714,0.5912971,0.8754864,-0.047884222,0.5015093
2011-09-01,2,-0.4552079,0.048648987,0.5038569,0.44749412,0.028825939,-0.93924177,0.6845272
2011-09-06,2,0.00994228,0.042213954,0.032271676,0.9255144,0.033334814,-0.013450254,0.03308204
2011-09-09,2,-0.20239817,0.022777304,0.22517547,0.75204724,-0.013710311,-0.391086,0.26684493
2011-09-14,4,0.061933115,0.10618208,0.044248976,0.8495689,0.2586619,-0.10093756,0.14946306
2011-09-15,3,0.15047699,0.26201174,0.11153472,0.6264536,0.40243563,-0.014340058,0.22163199
2011-09-26,3,-0.31488347,0.03309973,0.3479832,0.6189171,0.01755681,-0.8542112,0.47127137
2011-09-27,3,-0.005880359,0.03807408,0.043954436,0.91797143,0.01820635,-0.02137102,0.021142637
2011-10-05,4,0.17539391,0.20223299,0.02683907,0.77092797,0.5070385,-0.021466501,0.23056008
2011-10-06,1,-0.030660478,0.021074673,0.05173515,0.9271901,-0.030660478,-0.030660478,0.0
2011-10-12,2,-0.9246117,0.017066108,0.9416778,0.041256063,-0.90241635,-0.946807,0.03138895
2011-10-19,3,-0.27567226,0.04644585,0.3221181,0.63143605,0.07374253,-0.88227624,0.5273544
2011-10-27,2,0.032816067,0.064182624,0.031366557,0.9044508,0.05784742,0.007784717,0.03539968
2011-11-02,2,0.003191704,0.03413955,0.03094785,0.9349126,0.018518103,-0.012134695,0.021674803
2011-11-03,3,0.12722532,0.30907664,0.18185133,0.509072,0.30609578,-0.17046642,0.25955108
2011-11-04,2,0.40124193,0.4263138,0.02507186,0.5486143,0.7354325,0.06705135,0.47261685
2011-11-10,1,0.0075575635,0.03486255,0.027304988,0.9378324,0.0075575635,0.0075575635,0.0
2011-11-28,3,0.13800648,0.29486144,0.15685494,0.5482836,0.73267317,-0.30587626,0.53544194
2011-11-29,4,-0.19640462,0.041989796,0.23839444,0.71961576,0.04900603,-0.8216144,0.41845223
2011-12-06,3,-0.46896246,0.15643351,0.62539595,0.21817054,0.28297073,-0.85020685,0.65121466
2011-12-07,5,-0.049976073,0.029856866,0.07983294,0.89031017,0.0040782,-0.14399594,0.07029525
2011-12-13,3,0.07113609,0.09056705,0.019430963,0.890002,0.17244066,0.012543397,0.088090934
2011-12-14,3,-0.2893412,0.032975473,0.32231668,0.64470786,0.015129207,-0.8427104,0.4800366
2011-12-16,3,0.014182973,0.051624596,0.037441626,0.9109338,0.028473984,-0.0074898973,0.019084524
2011-12-21,4,-0.24522965,0.04049042,0.28572008,0.6737895,-0.012696281,-0.8153924,0.38463455
2011-12-30,4,0.020620566,0.15792114,0.13730058,0.70477825,0.15646249,-0.04067771,0.09127827
2012-01-03,4,-0.33473146,0.0877277,0.42245916,0.48981315,-0.0084211845,-0.7782013,0.32491496
2012-01-06,2,-0.004930649,0.033317395,0.03824804,0.9284346,-0.0014298707,-0.008431427,0.004950848
2012-01-12,3,-0.3247345,0.06616024,0.39089477,0.542945,0.1325685,-0.9490122,0.5597898
2012-01-18,3,-0.040695656,0.055373292,0.09606895,0.8485578,0.033716705,-0.098177746,0.06755748
2012-01-19,5,-0.605101,0.019577641,0.6246787,0.3557437,0.0042153336,-0.9165278,0.39940557
2012-01-23,4,-0.11920861,0.11030188,0.22951049,0.6601876,0.300082,-0.79800195,0.47410592
2012-01-27,3,0.073776275,0.16523144,0.09145516,0.7433134,0.3463154,-0.113298565,0.2414319
2012-02-01,2,-0.16141506,0.021563698,0.18297875,0.7954576,-0.0088155065,-0.3140146,0.21580836
2012-02-02,2,0.017271202,0.048100162,0.03082896,0.9210708,0.044749416,-0.010207014,0.038860064
2012-02-06,1,0.0204974,0.05908248,0.038585078,0.90233237,0.0204974,0.0204974,0.0
2012-02-07,2,-0.44626558,0.04059224,0.4868578,0.47255003,0.037458986,-0.9299901,0.68408984
2012-02-13,3,-0.0865171,0.16739565,0.25391275,0.5786916,0.28704405,-0.5714031,0.43991792
2012-02-14,6,0.2532565,0.28366208,0.030405581,0.68593234,0.9082896,-0.046588972,0.3512629
2012-02-17,1,-0.15066558,0.048798196,0.19946377,0.75173795,-0.15066558,-0.15066558,0.0
2012-02-22,2,0.3142849,0.32864508,0.014360193,0.6569947,0.5085468,0.12002295,0.27472788
2012-02-27,2,0.20195404,0.2168195,0.014865456,0.7683151,0.2445922,0.15931585,0.060299486
2012-02-28,5,-0.08011383,0.0966862,0.17680003,0.72651374,0.30426684,-0.26658487,0.25293672
2012-03-16,3,0.04940152,0.2862855,0.23688398,0.4768305,0.47865552,-0.32017007,0.4027432
2012-03-20,1,-0.0021179114,0.028611356,0.030729268,0.94065934,-0.0021179114,-0.0021179114,0.0
2012-03-22,1,0.01479793,0.044666786,0.029868856,0.9254644,0.01479793,0.01479793,0.0
2012-03-23,3,-0.47823796,0.08562387,0.5638618,0.35051432,0.20041147,-0.9214138,0.59683233
2012-03-27,1,0.40713304,0.43809715,0.030964099,0.5309387,0.40713304,0.40713304,0.0
2012-03-28,5,-0.25337172,0.17298554,0.42635727,0.40065724,0.54585874,-0.8867673,0.62466335
2012-04-02,2,0.12127544,0.17350057,0.052225124,0.77427435,0.18935141,0.05319947,0.09627396
2012-04-10,1,0.24971165,0.26086694,0.011155295,0.72797775,0.24971165,0.24971165,0.0
2012-04-11,2,0.044788923,0.27350733,0.2287184,0.49777427,0.06075576,0.028822089,0.022580516
2012-04-12,4,-0.106722526,0.13313566,0.23985818,0.6270062,0.21431075,-0.41191736,0.28988898
2012-04-25,2,0.11500257,0.13496716,0.019964589,0.8450682,0.13797483,0.092030324,0.03248767
2012-05-10,4,-0.39197302,0.063888274,0.45586133,0.48025045,0.051409148,-0.9323867,0.49738613
2012-05-21,4,-0.34049383,0.1327284,0.47322226,0.39404938,0.26078975,-0.9504816,0.6526535
2012-05-29,3,-0.04075678,0.090524696,0.13128148,0.7781938,0.13119712,-0.2773961,0.21183781
2012-06-01,3,-0.44918373,0.04105467,0.49023843,0.46870697,0.027930815,-0.9105548,0.46944085
2012-06-11,2,0.07202036,0.108482994,0.03646264,0.8550544,0.15428662,-0.010245908,0.11634207
2012-06-12,2,0.18548496,0.25300634,0.067521386,0.6794722,0.25388324,0.11708668,0.09672978
2012-06-15,5,0.103190675,0.15491137,0.051720697,0.7933679,0.4090373,-0.08488891,0.18730566
2012-06-18,4,-0.09276205,0.0806508,0.17341286,0.74593633,0.10323695,-0.57205415,0.32279128
2012-06-20,3,-0.18676794,0.13841264,0.32518056,0.5364068,0.2306987,-0.85890114,0.58774847
2012-07-02,4,0.04567896,0.17143236,0.1257534,0.7028142,0.11688841,-0.05642277,0.07304875
2012-07-10,2,-0.4292655,0.055103265,0.48436877,0.460528,0.08894821,-0.9474792,0.73286486
2012-07-19,4,0.12274111,0.15378092,0.031039812,0.8151792,0.477276,-0.031528026,0.23776597
2012-07-23,1,-0.3632978,0.029189019,0.3924868,0.57832414,-0.3632978,-0.3632978,0.0
2012-07-24,7,-0.032107107,0.16829224,0.20039932,0.6313085,0.8794395,-0.8234469,0.5064296
2012-07-25,3,0.28925857,0.3481793,0.05892073,0.5929,0.8430884,-0.06923683,0.48651925
2012-07-31,1,-0.24678874,0.027230743,0.27401948,0.6987497,-0.24678874,-0.24678874,0.0
2012-08-03,5,-0.1634303,0.049098693,0.21252899,0.7383723,0.08276399,-0.9204753,0.42490086
2012-08-13,1,-0.03323042,0.041321937,0.07455236,0.8841257,-0.03323042,-0.03323042,0.0
2012-08-15,3,0.08449247,0.1095773,0.02508483,0.86533785,0.15684186,-0.009884775,0.085518196
2012-08-17,1,0.04136245,0.061636884,0.020274436,0.91808873,0.04136245,0.04136245,0.0
2012-08-24,2,0.13163444,0.15906048,0.027426042,0.81351346,0.18652678,0.076742105,0.077629484
2012-08-31,3,-0.3229071,0.04879749,0.37170458,0.57949793,-0.058139365,-0.5308068,0.24141064
2012-09-13,3,0.07549122,0.099804044,0.024312824,0.87588316,0.12436888,-0.016771683,0.0799492
2012-09-21,4,-0.0033082827,0.06600326,0.069311544,0.8646852,0.08524789,-0.14966857,0.102279045
2012-09-26,3,0.06293658,0.11613133,0.05319475,0.83067393,0.15582705,-0.006765507,0.08373984
2012-10-04,5,0.09620675,0.1436129,0.04740616,0.80898094,0.15204608,0.029082097,0.058901947
2012-10-08,1,-0.02007354,0.06782799,0.08790153,0.84427047,-0.02007354,-0.02007354,0.0
2012-10-15,3,-0.16777329,0.08132843,0.24910171,0.6695699,0.080648765,-0.616061,0.38898692
2012-10-17,6,-0.00118837,0.060227975,0.061416343,0.8783557,0.08305293,-0.15614584,0.086098775
2012-10-25,2,0.019574363,0.05944234,0.03986798,0.90068966,0.07630801,-0.037159286,0.0802335
2012-10-31,1,0.018660186,0.04578704,0.027126854,0.9270861,0.018660186,0.018660186,0.0
2012-11-02,2,-0.4863968,0.058046434,0.54444325,0.39751032,-0.028603166,-0.94419044,0.64741796
2012-11-12,5,-0.15845013,0.061830334,0.22028048,0.7178892,0.10146611,-0.8069905,0.37502697
2012-11-15,1,0.09085204,0.10212809,0.011276053,0.88659585,0.09085204,0.09085204,0.0
2012-11-16,3,0.0616323,0.12072482,0.05909251,0.8201826,0.21739376,-0.09003177,0.15375371
2012-11-21,3,0.023501022,0.05680266,0.03330164,0.9098957,0.074932545,-0.003637515,0.044563726
2012-11-26,1,0.75028986,0.7641345,0.01384468,0.22202075,0.75028986,0.75028986,0.0
2012-11-29,4,0.017793626,0.2602654,0.2424718,0.49726278,0.91174144,-0.75784427,0.6867629
2012-11-30,5,0.022354616,0.088813834,0.06645922,0.8447269,0.111305475,-0.18797588,0.119559556
2012-12-17,1,-0.8788254,0.022187436,0.90101284,0.0767998,-0.8788254,-0.8788254,0.0
2012-12-24,1,-0.062018685,0.030660758,0.09267944,0.8766598,-0.062018685,-0.062018685,0.0
2013-01-02,4,0.183245,0.29831347,0.11506845,0.58661807,0.73304325,-0.08746858,0.37286857
2013-01-04,1,-0.061772734,0.026340509,0.08811324,0.88554627,-0.061772734,-0.061772734,0.0
2013-01-08,3,-0.116767764,0.049383607,0.16615136,0.7844651,0.047134317,-0.4405196,0.28038463
2013-01-09,3,-0.21509445,0.054723874,0.2698183,0.6754578,0.072843365,-0.7377706,0.45343173
2013-01-15,4,0.05524014,0.16261783,0.107377686,0.7300045,0.18189287,0.0014433973,0.085060515
2013-01-22,4,0.2464686,0.28262168,0.03615308,0.6812252,0.74823844,-0.07173388,0.3610729
2013-01-28,2,0.57386065,0.6390239,0.065163255,0.29581285,0.5748414,0.5728799,0.0013869685
2013-01-29,4,-0.18193698,0.089284554,0.27122152,0.63949394,0.15498087,-0.9484181,0.5196298
2013-01-31,3,0.038103063,0.2813165,0.24321343,0.47547007,0.7019523,-0.67844695,0.69170696
2013-02-04,3,-0.01458329,0.11826515,0.13284843,0.7488864,0.21825933,-0.17865743,0.20720173
2013-02-06,2,-0.31834754,0.023628578,0.34197614,0.6343953,-0.0046127327,-0.63208234,0.443688
2013-02-07,5,-0.24431996,0.04303246,0.2873524,0.66961515,0.010728143,-0.6902767,0.34206173
2013-02-08,3,0.032488067,0.077385955,0.044897895,0.8777161,0.12399857,-0.06919946,0.09700025
2013-02-11,1,-0.04084832,0.023828369,0.06467669,0.9114949,-0.04084832,-0.04084832,0.0
2013-02-15,5,0.096912876,0.11615118,0.019238304,0.8646105,0.18318951,0.010120075,0.08277599
2013-02-19,2,-0.46426266,0.026806926,0.4910696,0.48212355,0.028817598,-0.9573429,0.6973208
2013-02-20,3,0.09700173,0.25598633,0.1589846,0.58502907,0.45212942,-0.1530372,0.31597373
2013-03-07,3,0.056926932,0.08801067,0.031083742,0.88090557,0.11201382,-0.018856023,0.06784522
2013-03-11,1,0.0055619143,0.034734227,0.029172312,0.9360935,0.0055619143,0.0055619143,0.0
2013-03-20,2,-0.38162506,0.058428798,0.44005388,0.50151736,0.07935897,-0.8426091,0.65192986
2013-03-21,4,0.10403558,0.137838,0.033802424,0.8283596,0.25473928,-0.053326733,0.14203882
2013-03-22,7,-0.06999151,0.07982387,0.1498154,0.77036077,0.21820389,-0.58333653,0.24999017
2013-03-26,1,0.9266175,0.9505841,0.023966607,0.025449315,0.9266175,0.9266175,0.0
2013-04-04,4,0.22659418,0.2690768,0.042482637,0.68844056,0.86002517,-0.046169877,0.42906243
2013-04-18,2,0.04252956,0.079555236,0.037025675,0.8834191,0.04803911,0.037020013,0.0077916775
2013-04-22,1,0.05883496,0.08336081,0.024525855,0.8921134,0.05883496,0.05883496,0.0
2013-04-25,5,0.16228193,0.22301368,0.06073177,0.71625453,0.9304956,-0.1478336,0.43541658
2013-04-29,4,0.3302072,0.4637537,0.13354649,0.40269983,0.86350423,-0.37689975,0.6183224
2013-05-02,2,0.3343866,0.34788164,0.0134950485,0.6386233,0.6351703,0.033602912,0.42537236
2013-05-07,2,0.3331343,0.58177,0.24863572,0.1695943,0.88472223,-0.21845368,0.78006315
2013-05-09,3,-0.33251074,0.0317363,0.36424705,0.6040166,0.0058491565,-0.5952383,0.30759832
2013-05-14,6,-0.017286427,0.1260709,0.14335732,0.73057175,0.27558783,-0.67484796,0.3358244
2013-05-21,2,0.24371722,0.2766461,0.032928873,0.69042504,0.4470671,0.04036734,0.28758016
2013-05-23,2,0.048623756,0.07263536,0.024011599,0.9033531,0.09961509,-0.0023675747,0.072112635
2013-06-04,6,-0.030381156,0.07829338,0.10867453,0.8130321,0.09376858,-0.25450602,0.12878172
2013-06-06,6,0.103449725,0.16053076,0.057081033,0.7823882,0.5358175,-0.1129969,0.23703459
2013-06-12,3,0.5530258,0.6179666,0.0649408,0.31709257,0.86733794,0.07339399,0.42200083
2013-06-18,3,0.07591942,0.30921063,0.2332912,0.45749822,0.6068794,-0.37038088,0.49410006
2013-06-26,4,-0.006258428,0.19591579,0.20217422,0.60191,0.33081907,-0.74683887,0.5024065
2013-06-28,3,0.035062987,0.058790345,0.02372736,0.9174823,0.084885724,0.0052466765,0.043425653
2013-07-02,1,0.08411124,0.09717533,0.0130640855,0.8897606,0.08411124,0.08411124,0.0
2013-07-10,4,0.06816855,0.31350335,0.2453348,0.44116184,0.92406696,-0.9088639,0.7530972
2013-07-24,4,0.100445844,0.19731222,0.096866384,0.7058214,0.5754873,-0.05957125,0.3166999
2013-07-31,2,-0.41835564,0.073939644,0.49229527,0.43376505,0.11611778,-0.95282906,0.75585955
2013-08-01,3,0.3470553,0.4062682,0.05921294,0.53451884,0.9214003,0.05077014,0.49748087
2013-08-05,2,-0.6805425,0.024791567,0.70533407,0.2698743,-0.5487418,-0.81234324,0.18639435
2013-08-07,4,0.22421278,0.27249143,0.04827864,0.67923,0.9142016,-0.07444174,0.4631963
2013-08-12,5,-0.20152259,0.15354112,0.35506374,0.49139518,0.5447214,-0.858782,0.6191068
2013-08-19,3,-0.17424643,0.101060785,0.27530724,0.623632,0.1746382,-0.75773066,0.5085328
2013-08-22,3,-0.06335554,0.09788688,0.16124243,0.74087065,0.01447943,-0.19761203,0.11676145
2013-08-26,2,0.018748075,0.1558485,0.13710043,0.7070511,0.2617296,-0.22423345,0.34362775
2013-09-04,4,0.12920812,0.14832477,0.019116646,0.8325586,0.2162588,0.011446059,0.0854809
2013-09-05,2,0.012018445,0.035321422,0.02330298,0.9413756,0.012632586,0.011404304,0.0008685267
2013-09-11,4,-0.08385532,0.08931535,0.17317067,0.737514,0.17437115,-0.3616227,0.23795813
2013-09-27,4,-0.016827358,0.065822236,0.082649596,0.85152817,0.14321142,-0.2116575,0.14651611
2013-09-30,5,0.17984144,0.20831814,0.02847669,0.7632052,0.7453784,-0.0025859606,0.31794456
2013-10-04,7,0.043039147,0.17480747,0.13176833,0.69342417,0.8154972,-0.67013776,0.43317652
2013-10-15,5,0.26740205,0.28490564,0.01750361,0.6975907,0.75356036,0.025886912,0.28981486
2013-10-17,6,-0.11443857,0.1674179,0.28185648,0.55072564,0.36803403,-0.9612148,0.45795682
2013-10-29,4,0.053082988,0.24370456,0.19062158,0.5656739,0.2907256,-0.31455845,0.27701017
2013-11-05,4,0.033731528,0.057206064,0.02347454,0.9193194,0.08100711,0.0045352653,0.034087095
2013-11-14,4,0.14538461,0.17816392,0.0327793,0.7890568,0.32515478,-0.0037661735,0.13658637
2013-11-18,4,0.2557249,0.33555588,0.07983096,0.58461314,0.8255543,0.026383847,0.38122165
2013-11-20,5,0.093108624,0.12221724,0.029108617,0.8486741,0.37443173,0.004774198,0.1591899
2013-11-22,6,-0.117123544,0.13740857,0.2545321,0.60805935,0.49962804,-0.9145511,0.46781966
2013-11-27,4,0.31291527,0.41922796,0.10631269,0.47445938,0.8209965,-0.029670876,0.40799695
2013-12-06,2,-0.07562858,0.044877462,0.12050605,0.8346165,-0.05226878,-0.098988384,0.033035748
2013-12-16,2,0.09287854,0.11938034,0.026501793,0.8541179,0.1636377,0.022119394,0.100068554
2013-12-17,4,-0.22017467,0.13813584,0.3583105,0.5035536,0.26943344,-0.8004417,0.48720795
2013-12-23,5,-0.17146784,0.038561117,0.21002896,0.75140995,0.011122029,-0.8125272,0.35935426
2013-12-24,3,0.034758773,0.057721157,0.022962386,0.9193165,0.07622496,0.010620138,0.03607189
2013-12-31,6,0.2875043,0.3768613,0.08935698,0.5337817,0.6514602,-0.085299686,0.30259338
2014-01-03,1,0.16358966,0.52641696,0.3628273,0.11075571,0.16358966,0.16358966,0.0
2014-01-07,6,0.31707087,0.34327844,0.026207604,0.6305139,0.90755993,-0.003825888,0.41444618
2014-01-10,5,0.1466169,0.20421691,0.0576,0.73818314,0.68907386,-0.055440143,0.3057204
2014-01-15,3,0.011066298,0.04636845,0.03530215,0.9183294,0.030380867,-0.0051870346,0.01798047
2014-01-22,5,-0.011604464,0.22672518,0.23832968,0.53494513,0.71383995,-0.8150747,0.54200906
2014-01-30,4,0.14889449,0.21227483,0.063380346,0.7243448,0.4458868,0.03492882,0.1985998
2014-02-03,5,-0.4238166,0.087898634,0.51171523,0.40038615,0.022545341,-0.95002615,0.4842646
2014-02-06,6,0.1272431,0.30007002,0.17282689,0.5271031,0.7390456,-0.6672685,0.52688956
2014-02-14,2,-0.11812513,0.17695479,0.29507992,0.52796525,0.017249515,-0.25349978,0.19144866
2014-02-18,2,-0.014938127,0.050411217,0.06534935,0.88423944,0.03229198,-0.062168233,0.06679346
2014-02-20,3,0.304472,0.34809148,0.043619514,0.60828894,0.8948886,-0.007916518,0.5116043
2014-02-28,7,-0.18615368,0.115313716,0.30146742,0.58321893,0.034762185,-0.83835167,0.3213087
2014-03-05,1,-0.6591169,0.033900063,0.693017,0.27308297,-0.6591169,-0.6591169,0.0
2014-03-10,5,-0.34992343,0.06371646,0.41363987,0.5226437,0.14978182,-0.9562797,0.5379716
2014-03-11,1,-0.18017128,0.05457349,0.23474477,0.71068174,-0.18017128,-0.18017128,0.0
2014-03-13,4,-0.21994546,0.036899567,0.25684503,0.70625544,0.029087108,-0.9344957,0.47643948
2014-03-14,5,-0.132046,0.0763069,0.2083529,0.7153402,0.123929396,-0.9300667,0.44837052
2014-03-18,5,-0.1508392,0.087600045,0.23843923,0.6739607,0.18790421,-0.8497322,0.41246623
2014-03-19,3,0.20965457,0.24353409,0.03387952,0.7225864,0.31783652,0.036815666,0.15125665
2014-03-21,3,-0.17867352,0.100430496,0.27910402,0.62046546,0.078455135,-0.62176144,0.38537183
2014-03-26,7,0.03930814,0.06304349,0.023735346,0.91322124,0.06738968,0.0015454777,0.02067966
2014-03-28,3,-0.05965172,0.05082917,0.1104809,0.83869,0.07313465,-0.2324865,0.1566971
2014-04-03,3,-0.009782887,0.32496896,0.33475184,0.34027922,0.9238454,-0.9347375,0.9293218
2014-04-10,1,-0.0023245774,0.03188305,0.034207627,0.93390936,-0.0023245774,-0.0023245774,0.0
2014-04-14,5,-0.18244717,0.18266878,0.36511594,0.45221528,0.55285054,-0.91534376,0.57885116
2014-04-17,6,0.24844675,0.30272654,0.054279793,0.6429936,0.81355804,-0.04282382,0.3752151
2014-04-23,3,0.04676075,0.08081808,0.034057327,0.8851245,0.11069918,-0.021730348,0.06633204
2014-05-02,5,-0.06206731,0.10571103,0.16777834,0.72651064,0.34003595,-0.6765727,0.37310943
2014-05-05,4,-0.13466373,0.093797795,0.22846153,0.6777407,0.19816132,-0.77955836,0.4383816
2014-05-06,1,0.24628247,0.25804266,0.011760192,0.7301972,0.24628247,0.24628247,0.0
2014-05-08,5,-0.0645862,0.08758992,0.15217611,0.760234,0.10055128,-0.6828112,0.3457667
2014-05-12,3,0.0063670925,0.061328787,0.054961696,0.8837095,0.0990486,-0.09894921,0.09960177
2014-05-15,5,0.17605178,0.22430265,0.04825086,0.72744644,0.6696437,-0.09418877,0.2969215
2014-05-19,5,-0.31465623,0.10069831,0.41535455,0.4839472,0.12088886,-0.9266589,0.52404284
2014-05-21,1,0.11047104,0.12218167,0.011710627,0.8661077,0.11047104,0.11047104,0.0
2014-06-09,3,-0.053907696,0.093766294,0.147674,0.7585597,0.14479,-0.25655168,0.20069994
2014-06-13,3,-0.02010076,0.033776682,0.05387744,0.9123459,0.028510945,-0.046272192,0.042140286
2014-06-17,2,0.049754135,0.07741316,0.027659018,0.89492786,0.09826594,0.0012423322,0.06860605
2014-06-18,5,-0.2924647,0.104719795,0.3971845,0.4980957,0.21770576,-0.95620406,0.60210294
2014-06-23,2,-0.22334039,0.03389214,0.25723255,0.70887536,-0.19369766,-0.25298312,0.041921154
2014-07-03,5,0.07292014,0.24098091,0.16806078,0.5909583,0.32979828,-0.16209164,0.17999017
2014-07-09,2,0.20851737,0.36582395,0.15730658,0.4768694,0.30612296,0.11091179,0.13803515
2014-07-21,5,0.061671384,0.091900505,0.030229118,0.8778704,0.23308012,0.011089984,0.09608816
2014-07-23,1,0.012517307,0.03306935,0.020552043,0.9463786,0.012517307,0.012517307,0.0
2014-07-25,2,-0.304872,0.077553384,0.3824254,0.5400212,0.11287173,-0.7226157,0.5907788
2014-07-30,2,0.0072206715,0.046358395,0.039137725,0.9145038,0.010818794,0.0036225487,0.005088514
2014-08-08,4,0.11251676,0.15572701,0.043210264,0.8010627,0.27024907,-0.07564228,0.18142027
2014-08-13,5,0.113886796,0.30081183,0.18692502,0.5122632,0.49646708,-0.6977766,0.4925765
2014-08-14,6,0.004201734,0.13151154,0.12730981,0.7411787,0.20612454,-0.11212809,0.116229765
2014-08-19,6,0.0005444735,0.07235452,0.071810044,0.85583544,0.12907977,-0.1453211,0.11012061
2014-09-10,1,-0.5226161,0.026115976,0.54873204,0.42515197,-0.5226161,-0.5226161,0.0
2014-09-16,7,0.002547315,0.060463224,0.057915907,0.8816209,0.15146627,-0.10922794,0.079660095
2014-09-23,4,-0.01040791,0.27935335,0.28976125,0.43088543,0.9127124,-0.8025032,0.7084421
2014-09-29,2,0.3202137,0.40105748,0.08084378,0.5180988,0.7544119,-0.11398445,0.61404896
2014-10-01,4,0.28370422,0.30391318,0.020208953,0.67587787,0.9239991,0.032051742,0.42867526
2014-10-07,3,-0.10976556,0.0320442,0.14180976,0.8261461,0.00849629,-0.33465153,0.19484387
2014-10-08,3,0.015844336,0.04989478,0.034050442,0.9160547,0.02332507,0.008477863,0.0074242633
2014-10-10,3,-0.020338029,0.09947779,0.11981583,0.7807064,0.14506827,-0.29051927,0.23593953
2014-10-23,7,-0.002595957,0.16271521,0.16531117,0.67197365,0.5440428,-0.8550263,0.4234911
2014-10-30,2,0.4832791,0.5050394,0.021760268,0.47320032,0.912699,0.053859256,0.6072914
2014-11-03,3,-0.15664849,0.042596985,0.19924547,0.75815755,0.036837302,-0.45463333,0.26186997
2014-11-06,4,0.32825294,0.35717446,0.028921513,0.61390406,0.9054464,0.00647562,0.41826263
2014-11-10,4,-0.1956644,0.053325962,0.24899034,0.6976837,0.049746722,-0.6994961,0.35027304
2014-11-12,3,-0.03583995,0.112269245,0.14810918,0.73962146,0.19441348,-0.38829666,0.30998066
2014-11-13,7,0.044574857,0.09248795,0.0479131,0.85959893,0.16978325,-0.12342882,0.10207091
2014-11-14,4,0.016134914,0.053710327,0.037575416,0.90871423,0.053873654,-0.020606168,0.0338643
2014-12-23,5,-0.38072985,0.05385561,0.43458548,0.51155895,0.12393786,-0.9191124,0.44686857
2015-01-06,4,0.1279985,0.24433479,0.11633629,0.63932896,0.8133328,-0.31923828,0.48244497
2015-01-08,4,-0.11561926,0.3757472,0.49136645,0.1328864,0.88251925,-0.95794314,0.96808916
2015-01-16,3,-0.22965443,0.0781421,0.30779654,0.61406136,0.11579886,-0.8065821,0.5028737
2015-01-26,1,0.018470883,0.0812367,0.062765814,0.8559975,0.018470883,0.018470883,0.0
2015-02-02,2,-0.38160414,0.084664285,0.46626842,0.44906723,0.0964091,-0.85961735,0.6760128
2015-02-11,3,0.17446284,0.27027997,0.09581713,0.63390285,0.38647962,0.06813114,0.1836122
2015-02-17,1,0.12497871,0.13781108,0.012832363,0.84935653,0.12497871,0.12497871,0.0
2015-03-06,1,-0.7364466,0.032722197,0.7691688,0.19810896,-0.7364466,-0.7364466,0.0
2015-03-16,5,-0.062940024,0.14931813,0.21225815,0.63842374,0.065387346,-0.41373485,0.19990808
2015-03-26,2,-0.22377723,0.06518717,0.28896442,0.64584845,-0.009806998,-0.43774748,0.3025996
2015-04-09,5,0.2591285,0.28401053,0.024882039,0.6911074,0.92524385,-0.008501794,0.38301694
2015-04-16,4,-0.21000874,0.040299892,0.25030863,0.7093915,0.040896356,-0.88878417,0.45285755
2015-04-20,2,-0.786403,0.026543431,0.81294644,0.16051011,-0.7288068,-0.8439992,0.08145334
2015-04-22,1,-0.010501847,0.030107617,0.040609464,0.9292829,-0.010501847,-0.010501847,0.0
2015-04-30,5,-0.2724685,0.098383896,0.3708524,0.53076375,0.0384415,-0.9375174,0.39442402
2015-05-01,3,0.06833521,0.3209981,0.2526629,0.426339,0.8098417,-0.6482521,0.72936624
2015-05-08,2,-0.09774354,0.07614963,0.17389317,0.7499572,-0.021581918,-0.17390516,0.1077088
2015-05-11,2,0.04140017,0.071255066,0.029854894,0.8988901,0.08963729,-0.0068369433,0.06821758
2015-05-12,2,-0.18159658,0.03915272,0.22074929,0.740098,-0.007377092,-0.35581607,0.24638356
2015-05-18,3,0.04387154,0.16817778,0.12430624,0.70751595,0.20273833,-0.2247309,0.23391007
2015-05-26,3,0.12458938,0.20112251,0.07653312,0.7223444,0.36760354,-0.014146239,0.21116044
2015-05-27,2,-0.1797857,0.07698806,0.25677374,0.6662382,0.120718636,-0.48029003,0.4249773
2015-06-02,4,-0.22125377,0.1738657,0.39511946,0.4310148,0.3913923,-0.79998636,0.6017958
2015-06-08,2,-0.37940055,0.04400523,0.42340577,0.532589,-0.2504826,-0.50831854,0.18231755
2015-06-11,4,-0.33838654,0.058245607,0.39663213,0.54512227,0.13444124,-0.8558973,0.47522607
2015-06-16,6,-0.22346544,0.13540386,0.3588693,0.5057269,0.011470482,-0.436507,0.18696736
2015-06-17,2,0.43747675,0.4715225,0.03404574,0.49443176,0.90507764,-0.0301241,0.6612875
2015-06-29,3,0.0050548366,0.05879888,0.053744044,0.8874571,0.094481155,-0.06302339,0.0808933
2015-07-09,2,0.46232134,0.48788488,0.025563557,0.48655158,0.93004197,-0.005399281,0.6614568
2015-07-16,2,0.49564114,0.51726246,0.021621352,0.4611162,0.91123945,0.08004282,0.5877448
2015-07-17,2,0.38726947,0.40681958,0.019550133,0.5736303,0.55725473,0.21728419,0.24039547
2015-07-20,3,-0.19767766,0.04379796,0.24147563,0.71472645,0.022705179,-0.6167493,0.36308873
2015-07-24,4,-0.29068696,0.028154919,0.3188419,0.6530032,-0.001275342,-0.95836025,0.44853595
2015-07-29,5,0.004092789,0.22826901,0.22417621,0.5475548,0.55410635,-0.5658378,0.42289373
2015-08-06,1,0.0021860003,0.041680533,0.039494533,0.9188249,0.0021860003,0.0021860003,0.0
2015-08-10,3,-0.08223761,0.039069235,0.121306844,0.8396239,0.025789596,-0.2452692,0.14365698
2015-08-17,1,-0.22186646,0.0687359,0.29060236,0.6406617,-0.22186646,-0.22186646,0.0
2015-08-19,2,-0.2277549,0.024005922,0.25176084,0.72423327,-0.036825754,-0.41868407,0.2700146
2015-08-20,2,-0.4133802,0.077351704,0.49073192,0.4319164,0.1373198,-0.9640802,0.7788074
2015-08-21,3,-0.6500285,0.026847696,0.67687625,0.29627612,-0.24941045,-0.92354316,0.35458454
2015-08-24,8,-0.2707486,0.029179975,0.29992858,0.67089146,0.0010318793,-0.64965034,0.2983042
2015-08-25,7,-0.37055066,0.039542727,0.4100934,0.55036384,0.0888921,-0.9462118,0.47117904
2015-08-28,4,-0.010822043,0.084788114,0.09561016,0.8196017,0.15387183,-0.24243408,0.1668111
2015-08-31,3,-0.37551013,0.06307439,0.43858454,0.49834108,0.13413128,-0.95807976,0.5497455
2015-09-08,4,0.098268166,0.11383464,0.015566481,0.87059885,0.18220682,0.02521818,0.07040286
2015-09-22,2,-0.34690517,0.12715478,0.47405997,0.3987853,0.22382136,-0.9176317,0.8071292
2015-10-05,1,-0.9565229,0.015901057,0.9724239,0.011675086,-0.9565229,-0.9565229,0.0
2015-10-07,4,0.02635116,0.048226476,0.021875316,0.9298982,0.046041206,0.00028884038,0.019594578
2015-10-09,1,-0.00797203,0.030435385,0.038407415,0.9311572,-0.00797203,-0.00797203,0.0
2015-10-12,3,-0.052181583,0.087189406,0.139371,0.77343965,0.16836245,-0.23481008,0.20424303
2015-10-13,3,0.034658555,0.15851158,0.12385303,0.7176354,0.18188223,-0.15094885,0.16970302
2015-10-14,6,0.07640166,0.119673334,0.04327168,0.83705497,0.23222157,-0.001832895,0.087488934
2015-10-16,4,-0.19981898,0.059455413,0.2592744,0.6812702,0.08135354,-0.94412315,0.49769014
2015-10-20,4,0.05338257,0.076578066,0.023195494,0.9002265,0.12617959,0.0052046105,0.051393643
2015-10-26,4,-0.31992155,0.039424147,0.3593457,0.60123014,0.018059898,-0.9074779,0.42944303
2015-10-28,3,-0.31749806,0.046756137,0.36425415,0.5889897,-0.015426189,-0.88372505,0.49073333
2015-10-29,4,-0.034468025,0.22132029,0.25578833,0.52289134,0.76745814,-0.9286239,0.6945097
2015-11-06,4,0.04439815,0.068275996,0.02387784,0.90784615,0.12170866,-0.0036761872,0.059163503
2015-11-11,4,-0.20176509,0.06264201,0.2644071,0.67295086,0.110940814,-0.89548373,0.46607423
2015-11-27,2,-0.15725446,0.041036256,0.1982907,0.76067305,-0.06729512,-0.24721378,0.1272217
2015-12-01,3,0.21927376,0.49411032,0.27483654,0.23105313,0.87689704,-0.74869263,0.8560783
2015-12-10,3,-0.351109,0.09051585,0.44162485,0.4678593,0.13789557,-0.9083174,0.5264306
2015-12-16,3,-0.07646697,0.21093403,0.287401,0.50166494,0.40648285,-0.7755161,0.619923
2015-12-17,5,-0.14513771,0.12611769,0.27125543,0.6026269,0.3542863,-0.9139522,0.4664007
2015-12-18,6,-0.16077042,0.066153206,0.22692363,0.7069232,0.14501448,-0.6453276,0.31163943
2015-12-24,3,0.45459473,0.50253063,0.047935944,0.44953343,0.77728087,0.07879804,0.35225716
2015-12-30,2,-0.046885535,0.034910727,0.08179626,0.88329303,-0.004887346,-0.08888372,0.059394404
2016-01-04,2,-0.48387986,0.021465704,0.5053456,0.47318876,-0.0057964846,-0.96196324,0.676112
2016-01-06,3,0.11196729,0.1374123,0.025445,0.8371427,0.2056825,0.0014016666,0.1031776
2016-01-07,4,-0.24441554,0.043169234,0.28758478,0.6692461,0.023200437,-0.8819604,0.42785203
2016-02-04,1,-0.015889976,0.036852982,0.052742958,0.9104041,-0.015889976,-0.015889976,0.0
2016-02-10,4,-0.35689375,0.032764144,0.38965788,0.57757795,0.0012168437,-0.7067101,0.40032557
2016-02-12,4,-0.2541334,0.10957742,0.36371082,0.5267118,0.2512565,-0.74667704,0.42633334
2016-03-04,3,-0.32629383,0.030367875,0.35666168,0.6129704,0.030244129,-0.94613713,0.5388204
2016-03-07,4,-0.008590817,0.04574907,0.054339886,0.89991105,0.0065749213,-0.025883796,0.013375432
2016-03-08,4,-0.3530725,0.105219506,0.458292,0.43648848,0.2328361,-0.865516,0.5238249
2016-03-10,3,-0.049363893,0.2663166,0.31568047,0.41800293,0.5672625,-0.8164231,0.70400214
2016-03-11,1,-0.06871766,0.034895908,0.10361357,0.86149055,-0.06871766,-0.06871766,0.0
2016-03-22,2,0.41990688,0.43948555,0.01957866,0.5409358,0.69216686,0.1476469,0.38503376
2016-03-24,6,-0.39651212,0.06462014,0.46113226,0.47424757,0.14729406,-0.9630477,0.5337631
2016-04-05,5,-0.4228464,0.03431638,0.45716277,0.50852084,0.035358135,-0.9439969,0.45265383
2016-04-12,1,0.72345227,0.8139253,0.09047306,0.095601626,0.72345227,0.72345227,0.0
2016-04-13,7,0.022205736,0.29042196,0.26821622,0.44136184,0.8286648,-0.8386862,0.5216342
2016-04-15,4,-0.66964734,0.029670719,0.6993181,0.2710112,0.057739463,-0.944166,0.48679397
2016-04-20,1,-0.03152318,0.041435342,0.07295852,0.8856061,-0.03152318,-0.03152318,0.0
2016-04-25,1,-0.07886501,0.013370118,0.092235126,0.89439476,-0.07886501,-0.07886501,0.0
2016-04-26,3,-0.04415353,0.29992977,0.3440833,0.35598686,0.7590195,-0.9351531,0.8504942
2016-04-27,2,0.04732663,0.073278256,0.025951622,0.9007701,0.08436448,0.010288782,0.05237943
2016-05-04,4,-0.37740672,0.047090955,0.42449766,0.5284114,0.04682927,-0.8064425,0.37607017
2016-05-18,5,-0.17842652,0.09366247,0.27208897,0.63424855,0.10667235,-0.9366067,0.43355122
2016-05-24,1,0.06434372,0.078955695,0.014611974,0.90643233,0.06434372,0.06434372,0.0
2016-05-26,2,-0.20832172,0.06624043,0.27456215,0.6591974,0.061340094,-0.47798353,0.3813594
2016-06-01,4,-0.7125222,0.018272756,0.73079497,0.25093225,-0.005009707,-0.95379275,0.47171858
2016-06-02,6,-0.123124145,0.14569373,0.26881787,0.5854884,0.17594309,-0.7799851,0.36590728
2016-06-08,3,0.29873702,0.34247282,0.043735776,0.6137914,0.84144586,0.01599529,0.47013757
2016-06-09,2,-0.9393973,0.016637467,0.9560348,0.027327772,-0.9312322,-0.94756234,0.011547141
2016-06-13,5,-0.118029974,0.14159861,0.2596286,0.5987728,0.5194915,-0.8863538,0.5040253
2016-06-15,2,0.038833607,0.06658326,0.027749658,0.90566707,0.03968414,0.037983075,0.0012028342
2016-06-16,5,0.01203574,0.19138558,0.17934984,0.6292646,0.38780087,-0.55346453,0.36412844
2016-06-21,3,-0.05413301,0.048315812,0.10244882,0.84923536,0.034010842,-0.20356378,0.13010569
2016-07-11,6,0.13670562,0.21172126,0.075015664,0.71326303,0.48936436,-0.13818766,0.23008834
2016-07-15,2,-0.0010511018,0.059134632,0.060185734,0.8806796,0.07731124,-0.079413444,0.11082108
2016-07-29,3,-0.12716644,0.28283325,0.4099997,0.30716705,0.562197,-0.91349626,0.7426099
2016-08-02,2,0.0779413,0.51547754,0.43753624,0.046986226,0.8876162,-0.7317336,1.1450533
2016-08-04,3,-0.17969954,0.13509552,0.31479508,0.5501094,0.22833557,-0.8544368,0.5885971
2016-08-12,2,-0.46948725,0.022412442,0.49189967,0.48568785,-0.01075064,-0.92822385,0.6487515
2016-08-16,4,0.042166855,0.09617849,0.05401163,0.8498099,0.16119894,-0.0536237,0.0887285
2016-08-22,8,-0.01536229,0.036357068,0.051719356,0.9119236,0.02058517,-0.07978377,0.04148155
2016-08-30,3,0.05496634,0.12332714,0.0683608,0.8083121,0.31042272,-0.079797596,0.22134356
2016-09-09,3,-0.15504938,0.25233972,0.40738907,0.3402712,0.42024577,-0.9468701,0.70881164
2016-09-12,3,0.25365728,0.29580298,0.042145696,0.6620513,0.7592256,-0.022360109,0.438451
2016-09-14,5,-0.1491803,0.19847092,0.3476512,0.45387787,0.64995223,-0.8919744,0.6342233
2016-09-23,4,-0.013704992,0.2537862,0.26749122,0.4787226,0.78277075,-0.9572656,0.7155253
2016-09-30,4,0.06621589,0.17565563,0.10943976,0.7149046,0.22405706,-0.06174689,0.120006226
2016-10-06,4,-0.12169099,0.08601485,0.20770583,0.7062793,0.09723371,-0.61395246,0.3305695
2016-10-14,3,-0.31813583,0.04147446,0.3596103,0.5989152,0.015621066,-0.9652694,0.5605267
2016-10-27,3,0.016685186,0.06572478,0.049039602,0.8852356,0.07401691,-0.06400776,0.0719167
2016-11-04,7,-0.609081,0.043700006,0.652781,0.30351898,0.013084793,-0.9449503,0.41949478
2016-11-07,3,-0.055981297,0.028856859,0.08483816,0.88630503,-0.014281496,-0.09255702,0.039388534
2016-11-23,6,-0.006239901,0.16492493,0.17116483,0.6639102,0.6127427,-0.7918264,0.45388296
2016-11-25,1,-0.09683357,0.027598914,0.12443249,0.8479686,-0.09683357,-0.09683357,0.0
2016-11-28,4,0.045363072,0.091111995,0.04574892,0.8631391,0.1977131,-0.037063763,0.104619145
2016-11-29,1,-0.93574226,0.009312432,0.9450547,0.0456329,-0.93574226,-0.93574226,0.0
2016-11-30,5,-0.17694342,0.043126486,0.22006992,0.7368036,0.0403426,-0.87940466,0.394106
2016-12-12,2,-0.074319735,0.052001767,0.12632151,0.82167673,0.02807645,-0.17671593,0.14481008
2016-12-13,4,0.03182503,0.17411317,0.14228813,0.68359864,0.25408095,-0.19143888,0.18283147
2016-12-19,4,0.17471866,0.19948417,0.024765514,0.7757503,0.5840917,-0.017079579,0.27793524
2016-12-20,1,-0.95972383,0.0113393795,0.9710632,0.017597446,-0.95972383,-0.95972383,0.0
2016-12-22,3,0.042734638,0.07853275,0.035798106,0.8856692,0.09607363,-0.012192704,0.05415064
2016-12-27,3,-0.25494134,0.038299367,0.2932407,0.6684599,0.03483419,-0.60382575,0.3234069
2016-12-28,2,-0.25557807,0.030362576,0.28594065,0.6836968,-0.025692154,-0.485464,0.32510778
2017-01-06,1,0.7075409,0.73319006,0.025649138,0.2411608,0.7075409,0.7075409,0.0
2017-01-11,5,-0.14314054,0.099350214,0.24249077,0.6581591,0.36007193,-0.7896945,0.4230474
2017-01-18,5,0.1471578,0.22182274,0.07466491,0.7035124,0.8480844,-0.06345612,0.39313406
2017-01-24,3,-0.567018,0.038132053,0.60515004,0.35671794,-0.0040194914,-0.9262086,0.493722
2017-01-25,5,0.18567626,0.26130575,0.07562951,0.6630647,0.6261186,-0.07756971,0.2726618
2017-01-26,4,-0.038198628,0.17237085,0.21056947,0.61705965,0.066151954,-0.14975032,0.10962034
2017-01-27,4,-0.019841045,0.2534988,0.27333984,0.4731614,0.7197648,-0.90415597,0.6693488
2017-02-01,4,-0.28993434,0.13271254,0.42264688,0.44464064,0.30219302,-0.89741546,0.5093905
2017-02-15,2,0.21926165,0.35047728,0.13121562,0.5183071,0.408181,0.030342294,0.2671723
2017-02-16,3,0.0025663737,0.06163526,0.05906889,0.8792958,0.020761073,-0.016278412,0.018528298
2017-03-01,4,-0.16581735,0.0931718,0.25898916,0.64783907,0.14247575,-0.9167482,0.50277203
2017-03-07,4,-0.073122725,0.19868122,0.27180395,0.52951485,0.33809307,-0.9470691,0.5970099
2017-03-09,4,-0.14829463,0.07557774,0.22387238,0.70054984,-0.06001171,-0.35980546,0.14316344
2017-03-22,4,-0.67660004,0.08817975,0.7647798,0.14704043,-0.24566512,-0.89412105,0.29932714
2017-03-24,2,-0.53329575,0.027554866,0.56085056,0.4115945,-0.12473673,-0.9418547,0.57778966
2017-03-30,1,0.011865189,0.033013705,0.021148516,0.9458378,0.011865189,0.011865189,0.0
2017-03-31,1,-0.76759446,0.09737487,0.8649693,0.037655864,-0.76759446,-0.76759446,0.0
2017-04-07,3,-0.020930847,0.2789404,0.29987124,0.42118835,0.7025415,-0.83510154,0.7728235
2017-04-10,3,0.17690147,0.22414835,0.047246873,0.7286048,0.41543388,0.010920346,0.21179132
2017-04-19,2,0.025468413,0.06897083,0.04350242,0.88752675,0.04454475,0.0063920766,0.026978014
2017-05-03,6,-0.029178599,0.060079735,0.089258336,0.85066193,0.06890847,-0.18295394,0.084907286
2017-05-04,2,0.4253971,0.46926543,0.043868344,0.48686627,0.839492,0.0113021545,0.5856187
2017-05-08,4,0.050181612,0.090431035,0.04024943,0.8693195,0.23613843,-0.0659236,0.13039142
2017-05-15,4,-0.43397018,0.04065319,0.47462335,0.48472345,-0.03618867,-0.84640974,0.45664304
2017-05-30,5,0.26331952,0.29361138,0.03029185,0.6760968,0.91708857,-0.018889422,0.39017114
2017-06-01,3,0.07082642,0.1806127,0.10978628,0.709601,0.12772354,0.03277415,0.050201528
2017-06-02,3,-0.52411383,0.059633393,0.5837472,0.3566194,0.08837359,-0.88904154,0.533666
2017-06-07,4,-0.2241514,0.08108479,0.3052362,0.61367905,0.10387986,-0.74471384,0.4016715
2017-06-08,2,0.03731873,0.0851042,0.047785465,0.8671104,0.10451549,-0.029878035,0.095030576
2017-06-26,3,0.05676827,0.32487667,0.2681084,0.407015,0.88766354,-0.6236341,0.7668059
2017-07-03,2,0.3771987,0.4470771,0.06987837,0.48304453,0.7912282,-0.036830764,0.5855261
2017-07-17,2,-0.14159548,0.052404784,0.19400027,0.753595,0.01459422,-0.2977852,0.2208856
2017-07-18,1,-0.9601899,0.009586805,0.9697767,0.02063655,-0.9601899,-0.9601899,0.0
2017-07-19,2,0.17608795,0.19815174,0.022063795,0.77978456,0.2648636,0.087312266,0.12554777
2017-07-31,3,0.00856375,0.07088982,0.06232607,0.8667841,0.041765362,-0.043250445,0.045461446
2017-08-01,4,-0.30656606,0.16337994,0.46994603,0.36667404,0.5387575,-0.95460343,0.66142786
2017-08-14,4,0.06524607,0.09173622,0.026490154,0.8817736,0.10425315,0.036665834,0.032556772
2017-08-17,5,-0.20099354,0.03391515,0.23490867,0.7311762,0.012444437,-0.9455049,0.4173947
2017-08-21,2,0.13759091,0.43448117,0.29689026,0.26862863,0.75403416,-0.47885233,0.8717824
2017-08-28,5,-0.27626273,0.0884241,0.36468682,0.5468891,0.20451765,-0.8449397,0.5180645
2017-09-01,1,-0.91336155,0.020968761,0.9343303,0.044700943,-0.91336155,-0.91336155,0.0
2017-09-06,6,0.035448674,0.09220264,0.056753963,0.8510434,0.2281935,-0.11468996,0.11853885
2017-09-08,5,0.0531752,0.09715416,0.043978963,0.8588669,0.2058924,-0.06708112,0.102138326
2017-09-13,1,0.54310817,0.57109344,0.02798526,0.4009213,0.54310817,0.54310817,0.0
2017-09-18,1,-0.43107617,0.046087723,0.47716388,0.4767484,-0.43107617,-0.43107617,0.0
2017-09-21,1,-0.8546326,0.01736327,0.87199587,0.11064088,-0.8546326,-0.8546326,0.0
2017-09-26,4,-0.36054456,0.041442554,0.40198714,0.5565703,0.045684826,-0.89172685,0.4414196
2017-09-27,5,-0.12890817,0.17587085,0.304779,0.5193502,0.4597404,-0.7869685,0.47781262
2017-10-02,2,-0.50496364,0.022052616,0.5270162,0.4509311,-0.060378008,-0.94954926,0.628739
2017-10-06,4,-0.022672608,0.24340272,0.26607534,0.49052194,0.61976475,-0.782597,0.5766053
2017-10-23,6,-0.035771415,0.19909231,0.23486371,0.566044,0.22870496,-0.45627242,0.24345809
2017-11-03,2,-0.46657312,0.025120193,0.49169332,0.48318645,-0.057961956,-0.8751843,0.57786345
2017-11-06,7,0.18804929,0.2353433,0.04729403,0.7173627,0.6108198,-0.057386603,0.2635771
2017-11-08,4,-0.00020121178,0.06628548,0.0664867,0.8672278,0.10520629,-0.1293562,0.09943164
2017-11-10,1,0.39489466,0.4449689,0.050074264,0.50495684,0.39489466,0.39489466,0.0
2017-11-13,3,-0.36580944,0.023732686,0.3895422,0.58672506,0.0050179735,-0.8584366,0.4444264
2017-11-16,3,0.28982413,0.31388286,0.024058705,0.6620584,0.76494235,0.026320374,0.4122816
2017-11-22,2,-0.031898957,0.090569854,0.12246881,0.7869613,0.013164721,-0.076962635,0.063729666
2017-11-29,3,0.5872254,0.6146253,0.02739991,0.35797486,0.886648,0.024959188,0.48728016
2017-11-30,1,0.13910174,0.15235214,0.013250388,0.83439744,0.13910174,0.13910174,0.0
2017-12-04,6,-0.0065910253,0.058744643,0.06533567,0.87591964,0.07330257,-0.18980998,0.09364931
2017-12-20,4,-0.03199875,0.043491952,0.0754907,0.8810173,0.025999095,-0.083607234,0.052152768
2018-01-16,4,0.25599808,0.28995186,0.033953797,0.67609435,0.5482681,-0.0059763826,0.27641225
2018-01-23,4,0.27782208,0.31187898,0.034056887,0.6540642,0.8928889,0.001035206,0.41425547
2018-01-24,2,0.04395781,0.07103724,0.027079426,0.90188336,0.07234924,0.015566381,0.040151548
2018-01-26,6,0.15409687,0.3908144,0.23671752,0.3724681,0.8678584,-0.91636235,0.66067684
2018-02-08,4,-0.35972005,0.037130095,0.39685014,0.5660198,0.04121752,-0.93722427,0.45197904
2018-02-09,3,-0.32572678,0.03830671,0.36403346,0.59765977,0.012185544,-0.9263019,0.5214724
2018-02-14,1,0.8275949,0.85832536,0.030730467,0.11094407,0.8275949,0.8275949,0.0
2018-02-16,4,-0.12108467,0.13417752,0.2552622,0.61056036,0.29211137,-0.93408203,0.5518212
2018-02-26,2,0.0928764,0.12076855,0.027892146,0.85133934,0.20212008,-0.016367286,0.1544939
2018-02-27,1,-0.55529034,0.05378732,0.60907763,0.33713505,-0.55529034,-0.55529034,0.0
2018-03-05,2,0.011228634,0.05693475,0.045706116,0.89735913,0.04087306,-0.01841579,0.041923545
2018-03-12,5,-0.15988603,0.1156958,0.27558184,0.6087223,0.21188694,-0.84690154,0.4011558
2018-03-28,3,-0.60405815,0.036906302,0.64096445,0.32212928,0.04728243,-0.9445412,0.5642719
2018-04-06,2,-0.27851,0.037673097,0.3161831,0.6461438,-0.028339364,-0.5286806,0.3537947
2018-04-11,4,-0.39663053,0.030824758,0.4274553,0.54172,-0.022166919,-0.78525525,0.3161744
2018-04-23,3,0.26551127,0.36028638,0.09477511,0.5449385,0.8618346,-0.18980998,0.539815
2018-05-07,3,-0.01387015,0.038123626,0.051993776,0.9098826,0.048031904,-0.06903217,0.058822364
2018-05-08,1,0.14854454,0.15698239,0.008437856,0.83457977,0.14854454,0.14854454,0.0
2018-05-10,2,-0.44228843,0.06924522,0.5115336,0.41922113,0.060374618,-0.9449515,0.7108729
2018-05-11,2,0.4242678,0.46862283,0.044355042,0.48702213,0.8931847,-0.044649143,0.6631487
2018-05-15,1,-0.9353838,0.010081791,0.94546556,0.044452757,-0.9353838,-0.9353838,0.0
2018-05-21,5,-0.02092669,0.17736585,0.19829255,0.6243416,0.5767611,-0.81305957,0.5041982
2018-05-25,2,0.38876626,0.41056767,0.021801414,0.5676309,0.74409366,0.033438854,0.5025088
2018-05-31,1,-0.69696414,0.07093972,0.76790386,0.16115639,-0.69696414,-0.69696414,0.0
2018-06-08,4,0.2914102,0.46355906,0.17214885,0.36429206,0.9333415,-0.5773308,0.7241495
2018-06-14,3,0.03154455,0.059463978,0.027919427,0.91261655,0.06427359,0.0020906106,0.031220593
2018-06-19,2,-0.29999173,0.080055445,0.38004717,0.53989744,0.13359588,-0.73357934,0.61318547
2018-06-21,1,-0.0226818,0.028471144,0.051152945,0.92037594,-0.0226818,-0.0226818,0.0
2018-06-22,2,0.4268875,0.47547695,0.04858945,0.47593355,0.83231574,0.02145928,0.5733621
2018-06-25,1,-0.006173294,0.023789687,0.029962981,0.9462474,-0.006173294,-0.006173294,0.0
2018-07-03,3,-0.04064526,0.33880135,0.3794466,0.28175208,0.93790793,-0.95531565,0.9482271
2018-07-05,2,0.41891336,0.45000482,0.03109147,0.5189037,0.8067968,0.03102994,0.54855
2018-07-11,2,-0.09532139,0.39174804,0.48706943,0.12118248,0.7582529,-0.9488957,1.2071364
2018-07-12,2,0.023210987,0.05293829,0.029727302,0.91733444,0.030072717,0.01634926,0.00970395
2018-07-20,3,-0.1190953,0.060095727,0.17919104,0.76071316,0.038092323,-0.40578455,0.24866578
2018-07-23,2,-0.025582045,0.3396736,0.36525565,0.29507074,0.54689336,-0.59805745,0.8096025
2018-07-27,4,0.23944417,0.2632087,0.02376451,0.71302676,0.774603,0.020405574,0.36043343
2018-08-03,2,0.4911074,0.6376329,0.14652549,0.2158416,0.8438301,0.13838473,0.49882522
2018-08-07,3,0.5504795,0.62989146,0.079411946,0.29069665,0.8739358,-0.06854148,0.53626925
2018-08-13,3,-0.3440766,0.06829271,0.41236934,0.519338,-0.0018716361,-0.9344294,0.513419
2018-08-14,4,0.4048121,0.44243255,0.03762046,0.519947,0.87749135,-0.018112589,0.461142
2018-08-15,3,0.09775338,0.2561109,0.15835752,0.58553153,0.29902196,-0.08325843,0.19194354
2018-08-24,4,0.12878335,0.1763219,0.04753855,0.77613956,0.43928725,-0.057915226,0.21550846
2018-08-28,5,0.035428964,0.14169762,0.10626866,0.7520337,0.1208339,-0.012578294,0.053113542
2018-09-04,6,0.05360179,0.11735541,0.06375361,0.81889105,0.4638126,-0.06775486,0.20265648
2018-09-07,1,0.90934724,0.9311695,0.021822266,0.04700827,0.90934724,0.90934724,0.0
2018-09-10,1,0.71683216,0.76274586,0.045913666,0.19134052,0.71683216,0.71683216,0.0
2018-09-11,5,-0.11055453,0.23104656,0.3416011,0.42735234,0.81266487,-0.90673065,0.66615516
2018-09-19,2,-0.27920893,0.07571434,0.35492328,0.5693624,0.018207831,-0.5766257,0.42061082
2018-09-27,4,-0.22488002,0.052883875,0.2777639,0.66935223,0.03119675,-0.95421875,0.48631302
2018-10-02,1,-0.074155875,0.04035356,0.11450943,0.84513694,-0.074155875,-0.074155875,0.0
2018-10-03,5,-0.048304904,0.07622835,0.12453326,0.7992384,0.089741245,-0.3826217,0.190502
2018-10-04,1,0.08166093,0.10868672,0.027025796,0.86428744,0.08166093,0.08166093,0.0
2018-10-19,3,-0.3455776,0.031140966,0.37671855,0.5921405,0.01638215,-0.9429921,0.5212283
2018-10-26,3,-0.6035494,0.023828356,0.6273778,0.34879386,-0.019819971,-0.9120781,0.5057991
2018-11-01,1,0.020857135,0.044109125,0.02325199,0.9326388,0.020857135,0.020857135,0.0
2018-11-02,1,-0.024761647,0.0638307,0.08859235,0.8475769,-0.024761647,-0.024761647,0.0
2018-11-05,2,-0.05282163,0.06679151,0.11961314,0.8135953,0.079827264,-0.18547052,0.18759386
2018-11-12,5,-0.36601967,0.042649668,0.40866932,0.54868096,0.035301883,-0.95075285,0.50326484
2018-11-20,4,-0.26827902,0.10843225,0.37671125,0.5148565,0.06217475,-0.73531055,0.38347688
2018-12-21,6,-0.2990405,0.053594638,0.35263515,0.59377027,0.0039695874,-0.6645865,0.3034066
2018-12-26,9,0.030477874,0.23002256,0.19954468,0.5704328,0.762527,-0.56582963,0.4562763
2019-01-02,14,-0.154276,0.1463895,0.30066547,0.552945,0.81653357,-0.9243472,0.57802343
2019-01-03,10,0.029841447,0.20123664,0.1713952,0.62736815,0.81653357,-0.5726637,0.4731498
2019-01-07,6,0.0051181912,0.04758215,0.042463962,0.9099539,0.06403604,-0.04318828,0.048651535
2019-01-10,4,0.060286645,0.08652821,0.026241563,0.8872302,0.0788353,0.04173799,0.021418143
2019-01-14,8,-0.14083256,0.06768082,0.20851336,0.7238058,0.09733425,-0.58725727,0.282135
2019-01-16,4,0.2710395,0.39125624,0.12021674,0.488527,0.48973864,0.05234036,0.252532
2019-01-17,8,-0.13127793,0.083275124,0.21455306,0.7021718,0.10410734,-0.7349938,0.37518817
2019-01-23,6,0.06816425,0.088404335,0.020240089,0.8913556,0.15880036,0.005230557,0.0719527
2019-01-31,10,0.28537053,0.45178542,0.16641492,0.38179964,0.7448382,-0.13844505,0.395891
2019-02-04,4,-0.18025744,0.11022616,0.2904836,0.59929025,0.09617336,-0.45668823,0.3191948
2019-02-13,14,0.018470675,0.17657492,0.15810426,0.6653208,0.80648285,-0.911803,0.48099878
2019-02-21,8,0.049773525,0.14486933,0.0950958,0.7600349,0.19962922,-0.04717564,0.10377462
2019-02-25,10,-0.17141777,0.07142142,0.24283919,0.6857394,0.12437379,-0.8178976,0.3654165
2019-03-12,2,0.875272,0.8891431,0.013871135,0.09698579,0.875272,0.875272,0.0
2019-03-19,2,-0.91699296,0.03085192,0.94784486,0.021303255,-0.91699296,-0.91699296,0.0
2019-03-22,2,-0.9344079,0.014569177,0.94897705,0.036453836,-0.9344079,-0.9344079,0.0
2019-03-27,2,0.06258095,0.078154586,0.015573634,0.90627176,0.06258095,0.06258095,0.0
2019-03-29,10,0.12843737,0.23104842,0.10261104,0.66634053,0.90226173,-0.25781828,0.42401797
2019-04-01,10,0.16980965,0.3907507,0.22094104,0.38830826,0.89118826,-0.89780736,0.6824577
2019-04-02,6,0.21239269,0.34047207,0.12807937,0.5314486,0.84126693,-0.17169444,0.49109122
2019-04-16,2,-0.5040437,0.025295999,0.5293397,0.4453644,-0.5040437,-0.5040437,0.0
2019-04-18,4,0.3431291,0.40260464,0.05947555,0.5379199,0.6310547,0.055203475,0.33246785
2019-05-09,6,0.034294903,0.08373239,0.049437482,0.86683017,0.11529291,-0.0118002705,0.06294013
2019-05-14,10,0.005089617,0.22875099,0.22366138,0.54758763,0.9255029,-0.8782521,0.6029526
2019-05-22,12,-0.047572047,0.11760071,0.16517276,0.7172265,0.37916312,-0.8299753,0.3889145
2019-05-28,6,-0.35325906,0.07008892,0.42334795,0.5065631,0.02550048,-0.94841725,0.46669066
2019-05-29,6,0.32163092,0.38093853,0.05930764,0.5597538,0.9148379,0.013781413,0.45960623
2019-05-30,6,-0.58080214,0.043093592,0.62389576,0.33301064,0.024427187,-0.9537242,0.47300744
2019-06-03,12,-0.39677873,0.0457824,0.44256115,0.51165646,0.07101134,-0.93875706,0.434713
2019-06-06,2,-0.058028057,0.02700129,0.08502935,0.88796943,-0.058028057,-0.058028057,0.0
2019-06-07,10,0.12054549,0.36836115,0.24781565,0.38382322,0.88167065,-0.7469644,0.5657037
2019-06-18,2,-0.03267683,0.07863196,0.11130879,0.8100593,-0.03267683,-0.03267683,0.0
2019-06-21,6,0.01639765,0.07027655,0.053878903,0.87584454,0.0796929,-0.02017874,0.049226083
2019-06-27,2,-0.9531746,0.014655245,0.9678298,0.017514998,-0.9531746,-0.9531746,0.0
2019-07-05,4,-0.03234452,0.45306966,0.4854142,0.061516214,0.87118924,-0.9358783,1.0433109
2019-07-11,2,0.2794907,0.32566977,0.04617907,0.6281511,0.2794907,0.2794907,0.0
2019-07-16,2,0.023703652,0.04525131,0.021547658,0.9332011,0.023703652,0.023703652,0.0
2019-07-19,10,-0.5092831,0.0461513,0.55543435,0.3984143,0.12269325,-0.9634045,0.51382214
2019-07-24,6,-0.32490283,0.031925466,0.3568283,0.61124617,0.019309172,-0.93214303,0.47176537
2019-08-07,14,-0.3844256,0.087330274,0.4717559,0.44091386,0.10885993,-0.9308087,0.4533242
2019-08-08,4,-0.4015065,0.053428598,0.4549351,0.4916363,0.030652462,-0.8336655,0.4990142
2019-08-14,8,-0.3156871,0.029838528,0.34552562,0.6246358,-0.017637901,-0.9191133,0.392817
2019-08-19,6,0.5031839,0.64480126,0.14161737,0.21358134,0.7458234,0.33186886,0.19319415
2019-08-28,8,0.30357414,0.33733732,0.033763178,0.6288995,0.91674143,-0.0074385665,0.39670718
2019-09-10,4,0.07032224,0.0899977,0.019675463,0.89032686,0.120421864,0.020222612,0.057850063
2019-09-16,6,0.077273786,0.11424941,0.036975622,0.84877497,0.24884747,-0.015046481,0.1330288
2019-09-19,12,-0.28684452,0.047416586,0.3342611,0.6183223,0.082237914,-0.9022121,0.35508963
2019-09-26,6,-0.022965387,0.052130207,0.0750956,0.8727742,0.070095584,-0.1182925,0.084267996
2019-09-30,10,-0.06875117,0.030539617,0.09929079,0.87016964,0.019016381,-0.18965974,0.072455496
2019-10-07,12,-0.30684337,0.086623974,0.39346734,0.51990867,0.228677,-0.88442576,0.44815066
2019-10-08,6,0.036532898,0.061478347,0.024945453,0.9135762,0.099549316,-0.013656076,0.051592812
2019-10-14,4,-0.20803802,0.11503231,0.3230703,0.56189734,0.08635763,-0.50243366,0.33993882
2019-10-17,6,0.06578955,0.08748499,0.02169544,0.8908196,0.14378798,-0.0021222457,0.06571912
2019-10-21,10,-0.06712799,0.19495393,0.26208192,0.54296416,0.8673649,-0.9620454,0.61362225
2019-10-28,18,0.10775742,0.38653722,0.2787798,0.33468294,0.9025154,-0.6366809,0.55043423
2019-10-29,6,0.09604919,0.13920103,0.043151826,0.81764716,0.24949792,-0.045496635,0.13224736
2019-11-01,18,0.23651144,0.3492521,0.112740666,0.5380072,0.83326906,-0.11220285,0.3442408
2019-11-04,6,-0.069114566,0.165831,0.23494555,0.59922343,0.035961136,-0.20240289,0.1088166
2019-11-12,8,-0.41618094,0.0796584,0.49583936,0.42450225,0.028690841,-0.71803164,0.29623827
2019-11-19,4,-0.35446686,0.12468324,0.4791501,0.39616662,-0.30845046,-0.40048322,0.053135138
2019-11-21,10,-0.3857003,0.02765907,0.41335934,0.55898154,-0.003898196,-0.9407851,0.45616767
2019-11-26,8,0.16734654,0.20107296,0.033726435,0.7652006,0.6220662,-0.012160106,0.2822957
2019-12-04,6,-0.4337977,0.04342058,0.4772183,0.47936118,0.007892687,-0.6653195,0.34226513
2019-12-06,4,0.0010492634,0.042297266,0.041248,0.91645473,0.04324862,-0.041150093,0.04872762
2019-12-11,6,-0.03628667,0.047961507,0.084248185,0.8677903,0.055679087,-0.14535023,0.09087331
2019-12-13,8,-0.048183043,0.07211261,0.12029565,0.80759174,0.069753125,-0.33292377,0.17659646
2019-12-16,6,-0.16334647,0.11373847,0.27708492,0.6091766,0.15531178,-0.64752775,0.38124663
2019-12-18,14,0.02598817,0.20246077,0.17647259,0.62106663,0.778836,-0.90701485,0.47571722
2019-12-19,4,0.20694081,0.23848526,0.03154446,0.7299702,0.38214883,0.031732786,0.2023128
2019-12-20,16,0.03674178,0.29283294,0.25609118,0.45107588,0.92481536,-0.9374467,0.63766223
2019-12-30,10,0.21170425,0.3070684,0.09536416,0.59756744,0.5554931,-0.33077934,0.35386604
2020-01-13,4,-0.030374175,0.04064234,0.07101652,0.8883412,0.017678238,-0.13193114,0.06847423
2020-01-16,8,0.3239024,0.42312068,0.09921828,0.47766104,0.8579436,0.034652017,0.30843192
2020-01-23,2,-0.0012933724,0.04954765,0.050841022,0.89961135,0.03504203,-0.037628774,0.051386017
2020-01-27,4,-0.46682385,0.031300228,0.49812406,0.47057575,0.067353904,-0.9511999,0.55841655
2020-02-05,4,-0.08225071,0.092525065,0.17477578,0.73269916,0.08783379,-0.4383344,0.24025382
2020-02-10,7,-0.1902829,0.036420245,0.22670314,0.7368766,0.03826511,-0.6322427,0.27365363
2020-02-28,16,-0.37025815,0.13221698,0.50247514,0.3653079,0.92235804,-0.96449137,0.6036971
2020-03-02,4,-0.16689427,0.06329641,0.23019068,0.7065129,0.07348835,-0.77391607,0.40586197
2020-03-06,5,-0.5146177,0.034508597,0.54912627,0.4163651,0.02494135,-0.95877254,0.47362122
2020-03-11,10,-0.26312417,0.18495454,0.44807872,0.36696678,0.7968335,-0.96230555,0.59808517
2020-03-24,10,-0.102612115,0.19568321,0.29829532,0.5060215,0.8007693,-0.95549643,0.5731337
2020-03-31,10,-0.29047906,0.2478356,0.5383147,0.21384974,0.921523,-0.96439445,0.7939479
2020-04-03,5,-0.36969662,0.15429631,0.5239929,0.32171077,0.08353295,-0.96407586,0.37913376
2020-04-06,10,-0.16634624,0.13550472,0.30185097,0.5626443,0.73271483,-0.9526305,0.50732607
2020-04-09,5,0.16316077,0.3823523,0.2191915,0.39845616,0.5134595,-0.069764614,0.2369269
2020-04-15,4,0.071677186,0.28849995,0.21682276,0.4946773,0.90988386,-0.5897692,0.62373143
2020-04-16,5,-0.20006688,0.041443598,0.24151048,0.7170459,0.061843507,-0.8921348,0.39493585
2020-04-24,1,0.10319501,0.1422284,0.03903338,0.81873816,0.10319501,0.10319501,0.0
2020-04-27,4,-0.20919335,0.11845043,0.32764375,0.5539058,0.10521904,-0.95255023,0.49808732
2020-04-29,1,0.68591416,0.8308249,0.14491075,0.024264334,0.68591416,0.68591416,0.0
2020-05-06,4,0.33806294,0.45755902,0.11949609,0.4229449,0.9071949,-0.124461055,0.49855077
2020-05-15,3,0.28917992,0.34962013,0.06044024,0.5899396,0.9283475,-0.049199805,0.5538544
2020-05-29,4,0.29226995,0.35450518,0.062235232,0.5832596,0.8977145,0.026130842,0.40934825
2020-06-02,7,-0.19474164,0.20132494,0.3960666,0.40260845,0.8945402,-0.95327413,0.6466807
2020-06-17,6,-0.28817114,0.054075535,0.34224668,0.60367775,0.11148873,-0.89161015,0.46341088
2020-06-22,3,0.35255596,0.4803895,0.12783359,0.39177683,0.7981336,0.04136541,0.39587808
2020-06-25,4,0.06777853,0.31697273,0.24919423,0.433833,0.84991777,-0.8537736,0.70431703
2020-06-26,4,-0.22116876,0.20278396,0.42395273,0.37326333,0.32915822,-0.9655379,0.5517234
2020-06-29,10,0.16368428,0.27394325,0.11025896,0.6157978,0.9199594,-0.36011735,0.41923493
2020-07-08,5,0.12974644,0.21870284,0.0889564,0.69234073,0.27292112,0.019833326,0.124702744
2020-07-21,6,0.10304773,0.13329063,0.030242898,0.8364665,0.5131132,-0.022333056,0.20476003
2020-07-22,6,-0.16235903,0.22179903,0.38415805,0.39404294,0.90047663,-0.94596195,0.66456306
2020-07-24,4,-0.12250021,0.119793594,0.2422938,0.6379126,0.26596856,-0.76176006,0.44389853
2020-08-11,8,0.21215537,0.41501904,0.20286366,0.38211727,0.8960328,-0.633105,0.62474006
2020-08-12,3,0.46536317,0.50419545,0.03883228,0.45697224,0.7581554,0.0051865987,0.40342736
2020-08-19,7,-0.07060476,0.15310624,0.223711,0.6231827,0.28056195,-0.89533204,0.38397425
2020-08-20,7,0.020939281,0.20528205,0.18434277,0.6103752,0.703409,-0.5073721,0.44476297
2020-08-28,9,0.33759663,0.385548,0.04795134,0.56650066,0.90242934,-0.09276214,0.4120447
2020-09-03,10,-0.42925948,0.059425395,0.4886849,0.4518897,0.10488204,-0.96066755,0.47284764
2020-09-04,4,-0.4576955,0.034177065,0.49187258,0.47395036,0.032691885,-0.9323487,0.5345535
2020-09-14,5,0.4733166,0.5145404,0.041223727,0.4442359,0.84920657,-0.02298018,0.4014156
2020-09-16,6,-0.057870854,0.10046462,0.15833548,0.7411999,0.29029876,-0.6787116,0.3255884
2020-09-24,5,0.32798344,0.3763005,0.04831707,0.5753824,0.91569215,-0.0060558617,0.45353943
2020-10-02,2,-0.017846853,0.18065855,0.1985054,0.620836,0.051383853,-0.08707756,0.097907
2020-10-05,2,0.36225447,0.5223656,0.16011116,0.31752324,0.89556843,-0.17105949,0.75421983
2020-10-08,4,-0.035411477,0.24146537,0.27687684,0.4816578,0.6998656,-0.94345117,0.679207
2020-10-12,6,-0.24958788,0.09572784,0.34531572,0.5589564,0.28248402,-0.96797824,0.45740703
2020-10-13,4,-0.05804372,0.22793199,0.28597572,0.4860923,0.5975586,-0.9337751,0.6394379
2020-10-21,6,0.07530534,0.20662884,0.13132352,0.6620476,0.6346341,-0.48978612,0.37525225
2020-10-22,6,-0.05795424,0.1320111,0.18996535,0.6780236,0.5491276,-0.9247346,0.47834605
2020-10-27,6,0.12824525,0.19027305,0.0620278,0.7476992,0.6173888,-0.12195791,0.2609239
2020-11-02,10,0.04387777,0.19729514,0.15341738,0.64928746,0.66818994,-0.91701573,0.414591
2020-11-10,4,-0.04421533,0.35286433,0.39707965,0.25005603,0.8969305,-0.933696,0.75045556
2020-11-24,13,0.37559322,0.43468347,0.059090238,0.5062263,0.92997634,-0.016535256,0.4023373
2020-11-27,3,0.50033593,0.5563064,0.05597051,0.38772306,0.90188485,-0.033676185,0.48164144
2020-11-30,7,-0.025423195,0.1888016,0.21422479,0.5969736,0.89778805,-0.8900125,0.5239552
2020-12-02,6,0.09204507,0.19473523,0.10269015,0.7025747,0.3574049,-0.011870425,0.13583386
2020-12-03,1,-0.0031971596,0.035096582,0.03829374,0.9266097,-0.0031971596,-0.0031971596,0.0
2020-12-07,4,0.43231192,0.50802886,0.07571693,0.41625425,0.85437644,-0.019783568,0.38115165
2020-12-14,4,-0.04562121,0.15094998,0.19657119,0.6524788,0.15287307,-0.46111295,0.28882757
2020-12-15,6,0.28129247,0.31532565,0.03403319,0.65064114,0.8531608,-0.032170624,0.3947161
2020-12-18,11,0.2401359,0.40054807,0.16041218,0.43903974,0.90572506,-0.55516404,0.5181097
2020-12-28,2,-0.37873223,0.026604205,0.40533644,0.5680594,-0.00018240139,-0.7572821,0.5353503
2021-01-06,6,-0.04508056,0.27499366,0.32007423,0.4049321,0.73660094,-0.7636332,0.6068543
2021-01-11,3,0.18430473,0.24051706,0.056212325,0.7032706,0.6311731,-0.04137186,0.38700584
2021-01-12,2,-0.41078576,0.030637614,0.4414234,0.52793896,0.03311347,-0.854685,0.62776834
2021-01-14,3,0.23529859,0.30345497,0.06815637,0.6283887,0.8195834,-0.06974091,0.50616986
2021-01-29,7,0.23857991,0.38075423,0.1421743,0.47707146,0.9332889,-0.53991485,0.5416011
2021-02-04,4,0.16282982,0.18978016,0.026950348,0.78326946,0.5381934,-0.038417295,0.25597098
2021-02-05,6,0.025126299,0.2658961,0.2407698,0.49333408,0.86805815,-0.73817325,0.5323505
2021-02-09,4,0.048924387,0.19307202,0.14414763,0.6627803,0.5254587,-0.2997343,0.3453966
2021-02-12,4,0.24084301,0.2698657,0.029022675,0.7011117,0.901751,0.0068371054,0.4408985
2021-02-19,1,0.109602466,0.14076883,0.031166356,0.8280648,0.109602466,0.109602466,0.0
2021-02-22,4,0.06973075,0.26036453,0.19063377,0.54900175,0.70050466,-0.39466745,0.45743415
2021-02-23,2,0.3783796,0.43975767,0.061378047,0.49886432,0.7511712,0.005588036,0.5272069
2021-03-01,8,0.043757692,0.21915586,0.17539817,0.605446,0.52959335,-0.95382375,0.4543882
2021-03-03,8,0.2961814,0.3406691,0.044487685,0.61484325,0.9021835,-0.024337247,0.38408142
2021-03-04,10,0.09323976,0.3363096,0.24306984,0.4206206,0.8616273,-0.803371,0.60832995
2021-03-05,5,-0.24765544,0.051347602,0.29900306,0.6496493,0.0966998,-0.8512318,0.4057408
2021-03-08,4,-0.122002564,0.062449902,0.18445246,0.75309765,0.07720014,-0.37105376,0.18997979
2021-03-10,4,-0.02935037,0.24162418,0.27097455,0.48740128,0.81413233,-0.92306453,0.7099515
2021-03-19,4,-0.22192393,0.15143298,0.37335688,0.4752101,0.076770246,-0.91321343,0.4636846
2021-03-26,7,0.12428487,0.3515959,0.22731103,0.42109308,0.910097,-0.9526241,0.6555605
2021-04-06,4,0.38598636,0.44899082,0.063004464,0.48800468,0.85308444,-0.052841835,0.42417136
2021-04-20,4,0.10841131,0.20147382,0.0930625,0.70546365,0.3871919,-0.050250046,0.1923688
2021-04-21,6,-0.2431079,0.11420846,0.35731637,0.52847517,0.32817864,-0.9336188,0.49444476
2021-05-07,4,-0.24321339,0.086690865,0.32990426,0.5834049,-0.02829282,-0.46824113,0.20793273
2021-05-12,8,-0.11542656,0.114700355,0.2301269,0.6551727,0.4825033,-0.63031346,0.34732157
2021-05-19,1,-0.022360817,0.066700436,0.08906125,0.8442383,-0.022360817,-0.022360817,0.0
2021-05-24,8,0.2031429,0.25498635,0.051843453,0.6931702,0.7829126,-0.037445128,0.30507877
2021-05-28,6,-0.14571963,0.07470706,0.2204267,0.70486623,0.12922429,-0.8414358,0.3762973
2021-06-02,5,0.140016,0.27870256,0.13868651,0.5826109,0.88078374,-0.49357784,0.495529
2021-06-03,5,0.04685173,0.07693123,0.030079503,0.8929893,0.112433754,0.0032769404,0.055393275
2021-06-10,3,0.3654672,0.39417318,0.02870599,0.5771208,0.85546654,0.0071986634,0.43920878
2021-06-17,3,-0.24274977,0.09066552,0.3334153,0.5759192,0.22076204,-0.92886525,0.6062797
2021-06-18,1,-0.0535729,0.022806158,0.07637906,0.9008148,-0.0535729,-0.0535729,0.0
2021-06-29,5,0.40009508,0.44548282,0.045387737,0.5091294,0.7817847,0.013630545,0.31634793
2021-07-02,5,0.32922262,0.48384094,0.15461832,0.36154073,0.7622788,-0.13779023,0.41584066
2021-07-06,2,0.8369066,0.8665384,0.029631812,0.103829734,0.87121683,0.8025964,0.04852198
2021-07-08,2,0.27603996,0.39686653,0.1208266,0.48230684,0.7600177,-0.20793779,0.6844479
2021-07-09,2,-0.91565204,0.030078031,0.9457301,0.024191976,-0.8952096,-0.93609446,0.028909957
2021-07-14,4,-0.17878966,0.1120137,0.29080337,0.5971829,0.26551166,-0.91957986,0.5135542
2021-07-15,6,-0.37519535,0.06741736,0.44261268,0.48996994,0.07125087,-0.86609006,0.43998826
2021-07-20,8,0.25050005,0.3525266,0.10202654,0.5454469,0.88811857,-0.29087982,0.4484325
2021-07-21,4,0.27797544,0.31710216,0.039126743,0.6437711,0.82193774,-0.021058246,0.39009714
2021-07-22,8,-0.13737413,0.19498873,0.33236286,0.47264838,0.70935273,-0.9515809,0.6254539
2021-07-23,4,-0.025929421,0.26513192,0.29106134,0.4438067,0.70043045,-0.95474863,0.6873995
2021-07-29,3,-0.24688536,0.060213983,0.30709934,0.6326866,0.032926463,-0.7296023,0.41980994
2021-07-30,4,-0.073642135,0.107753515,0.18139565,0.71085083,0.27077666,-0.6088957,0.37967142
2021-08-04,3,-0.0907964,0.06285737,0.15365376,0.7834889,0.05677466,-0.2667922,0.16364552
2021-08-05,4,0.16846333,0.29547825,0.12701494,0.5775068,0.85704035,-0.17606103,0.4661979
2021-08-06,5,0.24650788,0.35295644,0.106448576,0.54059494,0.7045227,-0.10028644,0.34510556
2021-08-13,4,0.04487574,0.29600602,0.25113028,0.45286372,0.69219524,-0.69014764,0.58200586
2021-08-20,2,-0.48730546,0.026521564,0.513827,0.4596514,-0.03195123,-0.9426597,0.6439681
2021-08-26,6,-0.09959515,0.07215903,0.17175418,0.7560868,0.09744675,-0.95730186,0.42077354
2021-08-27,4,0.06558329,0.09622147,0.030638173,0.87314034,0.14170054,0.00074806064,0.071516365
2021-08-31,3,-0.2004966,0.20657004,0.4070666,0.38636336,0.28364578,-0.8903889,0.6134649
2021-09-01,7,-0.12331057,0.041000385,0.16431095,0.79468864,0.056038164,-0.8861127,0.33849493
2021-09-07,3,-0.16216366,0.098813266,0.26097694,0.64020985,0.04359187,-0.5271251,0.3169217
2021-09-09,3,-0.2187429,0.05381665,0.27255955,0.6736238,0.03480453,-0.71027505,0.42575043
2021-09-15,11,-0.1450867,0.06653779,0.21162449,0.72183776,0.26865205,-0.94023144,0.3911997
2021-09-16,3,-0.623795,0.029567664,0.6533626,0.31706974,0.026756471,-0.9511137,0.56339777
2021-09-17,4,-0.3619411,0.059303388,0.4212445,0.51945215,0.0742422,-0.80099046,0.46977282
2021-09-23,4,-0.3861401,0.05570765,0.44184777,0.50244457,0.0702158,-0.9516246,0.5008495
2021-09-29,9,-0.14957926,0.2195502,0.36912948,0.41132033,0.51988655,-0.95982337,0.55446655
2021-10-19,5,0.26025313,0.34661523,0.08636212,0.5670226,0.6119118,0.020755975,0.24139018
2021-10-20,7,0.093226634,0.1649762,0.07174955,0.7632742,0.9007299,-0.1372609,0.362228
2021-10-25,3,0.0005399088,0.0624183,0.061878394,0.87570333,0.05075102,-0.044207674,0.047714524
2021-11-04,5,0.14398947,0.36701462,0.22302516,0.4099602,0.8979797,-0.91523594,0.7291776
2021-11-05,5,0.13538055,0.35077018,0.21538964,0.43384013,0.90822196,-0.9591999,0.73548895
2021-11-12,5,-0.00038568227,0.13654236,0.13692805,0.7265296,0.25740522,-0.5806803,0.33707246
2021-11-16,7,0.013158065,0.18166073,0.16850266,0.6498366,0.91562337,-0.927742,0.536265
2021-12-03,7,-0.031210074,0.21382561,0.24503572,0.5411387,0.8804126,-0.9335401,0.572482
2021-12-07,5,0.275593,0.40918082,0.1335878,0.45723137,0.66388965,-0.09244332,0.3410529
2021-12-22,9,0.093425654,0.23133951,0.13791388,0.6307466,0.8904155,-0.44419518,0.36619118
2021-12-23,8,0.05280126,0.20433044,0.15152918,0.64414036,0.54432404,-0.60625947,0.3535542
2021-12-27,5,-0.19995742,0.08947833,0.28943574,0.62108594,0.04099448,-0.6812697,0.28603178
2021-12-29,17,-0.075631134,0.24567506,0.32130617,0.43301877,0.8960638,-0.9602804,0.6212401
2022-01-03,13,0.025203925,0.22350916,0.19830523,0.5781856,0.8132606,-0.94649506,0.4999354
2022-01-07,6,-0.33740652,0.028505206,0.36591172,0.6055831,-0.006407734,-0.94966304,0.439399
2022-01-31,11,-0.35837954,0.100032516,0.45841205,0.44155547,0.4248409,-0.9641721,0.49542958
2022-02-03,10,0.10275404,0.32605582,0.22330177,0.4506424,0.87308514,-0.93847686,0.58734536
2022-02-09,10,0.058311813,0.30121875,0.24290696,0.4558743,0.90417576,-0.95650655,0.6603445
2022-02-11,10,0.002546896,0.14141479,0.13886788,0.7197173,0.8004846,-0.93784595,0.4189008
2022-02-14,8,-0.084320664,0.1441479,0.22846857,0.62738353,0.55333394,-0.8921733,0.4262734
2022-02-16,3,-0.42874357,0.057778116,0.48652163,0.45570016,-0.0062413774,-0.7371012,0.37856406
2022-03-04,9,-0.44224134,0.053983156,0.49622452,0.44979233,0.26700854,-0.9607969,0.4999034
2022-03-09,7,-0.5006459,0.123857655,0.62450355,0.25163886,0.52131426,-0.9545394,0.5586415
2022-03-10,5,0.056419212,0.24297318,0.18655398,0.57047284,0.8229079,-0.18699005,0.43229187
2022-03-11,9,-0.03236013,0.21375863,0.24611875,0.5401227,0.776648,-0.9462845,0.5769676
2022-03-17,6,0.19160216,0.29088375,0.0992816,0.6098346,0.3893652,-0.03964511,0.18482774
2022-03-23,9,-0.14305764,0.16195065,0.3050083,0.5330411,0.87082237,-0.92188585,0.57774997
2022-03-24,8,-0.10523414,0.12435823,0.22959237,0.6460494,0.4837801,-0.7610622,0.42882413
2022-03-25,5,-0.0719239,0.14203115,0.21395504,0.64401376,0.5571776,-0.9339654,0.53864646
2022-03-28,10,-0.04978489,0.25672808,0.30651295,0.43675894,0.71769804,-0.95823205,0.56228995
2022-04-01,10,0.2906762,0.45183006,0.16115382,0.38701615,0.91713643,-0.9402887,0.5373964
2022-04-13,10,0.011404393,0.11121102,0.09980662,0.7889824,0.3323643,-0.62757856,0.26411667
2022-04-19,7,-0.1452323,0.15185593,0.2970882,0.55105585,0.81215817,-0.8622907,0.5214236
2022-04-21,4,-0.17912331,0.17854644,0.35766974,0.4637838,0.1483208,-0.9304249,0.5056745
2022-04-29,16,-0.5112901,0.08685274,0.5981428,0.31500444,0.77190906,-0.9592991,0.5326517
2022-05-04,8,-0.26404977,0.045726463,0.30977622,0.64449733,0.09779607,-0.9573599,0.4501128
2022-05-09,18,-0.4342998,0.14580493,0.58010465,0.2740904,0.9053762,-0.96033144,0.6461292
2022-05-16,13,-0.35874903,0.05198609,0.41073513,0.5372788,0.17895985,-0.9644916,0.45439494
2022-05-18,20,-0.4394134,0.07296393,0.5123774,0.41465873,0.1184063,-0.94767493,0.41630334
2022-05-27,10,-0.1443977,0.28806168,0.4324594,0.27947894,0.9218705,-0.91023237,0.6640636
2022-06-03,8,0.04190363,0.21544957,0.17354596,0.6110045,0.87808007,-0.91828567,0.48596555
2022-06-07,7,-0.5197546,0.07436716,0.59412175,0.33151108,0.0914655,-0.95256937,0.4615518
2022-06-14,21,-0.32612616,0.054982606,0.38110873,0.56390864,0.03880834,-0.95120245,0.3406107
2022-06-15,8,-0.16214839,0.058538195,0.22068658,0.72077525,0.14733544,-0.87133205,0.34707713
2022-06-16,10,-0.3010131,0.11899614,0.4200093,0.46099457,0.8675119,-0.93970484,0.5926467
2022-06-24,13,0.048375078,0.31501022,0.26663512,0.41835466,0.85351074,-0.965192,0.6252837
2022-06-29,12,-0.35584965,0.09011068,0.44596037,0.46392894,0.3706806,-0.9614357,0.5347829
2022-07-01,12,-0.34433484,0.14644115,0.49077597,0.36278293,0.8602397,-0.9622475,0.60631126
2022-07-06,6,0.06257709,0.09246635,0.02988925,0.87764436,0.2375411,-0.02827246,0.09641004
2022-07-21,9,0.066815704,0.3371767,0.27036104,0.39246228,0.8977322,-0.92385,0.6372099
2022-07-26,2,0.034232594,0.064263836,0.030031245,0.905705,0.06260361,0.0058615766,0.040122677
2022-08-01,11,-0.13249265,0.15548272,0.28797537,0.5565419,0.9151696,-0.94892424,0.49688908
2022-08-03,6,-0.17503239,0.24363475,0.41866717,0.3376981,0.45672256,-0.9307033,0.61209404
2022-08-05,2,0.020041829,0.0671583,0.04711647,0.88572526,0.05915016,-0.019066501,0.05530753
2022-08-18,10,-0.2705332,0.04055493,0.31108814,0.648357,0.06663542,-0.964572,0.4004268
2022-08-22,8,-0.21784893,0.042067442,0.25991637,0.69801617,0.066994235,-0.9646989,0.4520763
2022-08-23,3,-0.38116217,0.24136068,0.62252283,0.13611647,0.66419405,-0.93884563,0.90598154
2022-08-29,8,-0.2669504,0.04308295,0.31003335,0.64688367,0.054704923,-0.93989104,0.41849518
2022-09-23,14,-0.49865392,0.10280188,0.6014558,0.29574233,0.92400885,-0.9359035,0.530999
2022-09-27,14,-0.5001913,0.065602705,0.565794,0.3686033,0.324016,-0.95993555,0.50850093
2022-09-30,15,-0.248257,0.09865092,0.3469079,0.55444115,0.6724258,-0.9643665,0.53022265
2022-10-05,9,0.15244024,0.31082037,0.15838014,0.5307995,0.8805376,-0.9666085,0.5575742
2022-10-10,5,-0.056777067,0.2658959,0.32267296,0.41143113,0.7837826,-0.9513378,0.6159519
2022-10-13,12,0.02978184,0.3025631,0.27278125,0.42465565,0.8663032,-0.96678996,0.63359976
2022-10-27,7,-0.188151,0.15640616,0.34455714,0.4990367,0.54429084,-0.80946124,0.4773593
2022-10-28,10,0.083502516,0.41282028,0.32931775,0.2578619,0.8732909,-0.85080737,0.6527114
2022-11-02,7,0.0438928,0.3412601,0.2973673,0.36137262,0.881775,-0.9289481,0.7159569
2022-11-04,6,0.09734139,0.16192542,0.064584024,0.7734906,0.49067092,-0.035285424,0.19611101
2022-11-07,14,-0.30349356,0.13764387,0.44113746,0.4212187,0.8905598,-0.96472865,0.58051884
2022-11-08,8,-0.012513332,0.19581687,0.20833021,0.5958529,0.8554064,-0.96180105,0.49785334
2022-11-11,6,0.12600948,0.45362964,0.32762015,0.21875022,0.8165049,-0.9550363,0.6817737
2022-11-14,8,-0.099488795,0.13204516,0.23153396,0.63642085,0.2962482,-0.9242897,0.40151495
2022-11-16,7,0.056882415,0.2244746,0.16759218,0.60793316,0.91672397,-0.9201039,0.54021657
2022-11-18,4,0.1006369,0.3162162,0.21557933,0.46820447,0.9131414,-0.6049455,0.6238375
2022-11-22,11,0.18960814,0.31641135,0.1268032,0.55678546,0.79479843,-0.9560105,0.49491477
2022-12-16,9,-0.58165026,0.040106222,0.62175643,0.3381373,0.17906743,-0.9557606,0.48310938
2022-12-19,14,-0.33601123,0.14153275,0.477544,0.38092327,0.49703893,-0.91688854,0.49890834
2022-12-22,10,-0.17910306,0.085928835,0.2650319,0.64903927,0.28114623,-0.9547383,0.42068335
2022-12-27,15,-0.3005528,0.1739748,0.47452757,0.35149762,0.65306914,-0.940123,0.58277017
2022-12-28,17,-0.12431178,0.16172937,0.28604114,0.55222946,0.809126,-0.95125043,0.47418588
2022-12-29,12,0.13209246,0.29026237,0.15816993,0.5515677,0.9161611,-0.9597383,0.5559073
2023-01-04,16,-0.16399619,0.2595802,0.42357638,0.31684345,0.9242343,-0.9621691,0.6690779
2023-01-10,18,0.09157208,0.29371583,0.20214373,0.50414044,0.8659152,-0.89876074,0.4462351
2023-01-17,15,-0.07767216,0.26475522,0.34242737,0.39281738,0.8074715,-0.9470302,0.5552831
2023-01-24,25,-0.19170386,0.20271096,0.39441478,0.40287423,0.8319255,-0.9605745,0.59221166
2023-01-25,15,-0.27677572,0.115469895,0.39224562,0.49228448,0.92961895,-0.96071005,0.547229
2023-01-26,16,0.32179406,0.40743712,0.08564304,0.50691986,0.9085461,-0.5053189,0.42202163
2023-01-27,16,0.17522694,0.38270754,0.20748058,0.40981188,0.89141846,-0.94992673,0.5980432
2023-01-30,13,-0.1644378,0.19318956,0.35762736,0.44918305,0.92499334,-0.9651425,0.58052605
2023-02-06,19,-0.14973585,0.22469747,0.3744333,0.40086922,0.9056901,-0.9571401,0.6134898
2023-02-07,15,-0.069005474,0.23828332,0.3072888,0.4544279,0.9288491,-0.94985205,0.5589774
2023-02-14,11,-0.17887498,0.10700839,0.2858834,0.6071082,0.13416235,-0.8412174,0.34169054
2023-02-15,15,0.22355178,0.3294717,0.10591992,0.5646084,0.8817404,-0.6891718,0.4355346
2023-02-17,17,-0.34857,0.109256774,0.45782676,0.43291643,0.7952603,-0.96440446,0.5589176
2023-02-22,20,-0.056806512,0.2137964,0.2706029,0.5156007,0.91841733,-0.91326195,0.5408886
2023-03-10,17,-0.5743861,0.1361198,0.71050596,0.15337427,0.8612615,-0.9611815,0.59799653
2023-03-14,17,-0.13616745,0.17640579,0.31257322,0.51102096,0.8659607,-0.9546613,0.53332245
2023-03-24,13,0.28177875,0.41143596,0.12965721,0.45890683,0.9256908,-0.30611032,0.37822753
2023-03-28,11,-0.23034042,0.09170893,0.32204935,0.5862417,0.54622674,-0.9197273,0.4913789
2023-04-04,23,-0.23539963,0.22467461,0.46007425,0.3152511,0.9194266,-0.9487211,0.68456364
2023-04-11,15,-0.105372325,0.2441148,0.34948713,0.40639812,0.83072,-0.9604764,0.54172444
2023-04-14,20,-0.19547851,0.16474123,0.36021975,0.47503906,0.7789848,-0.9646412,0.52044725
2023-04-17,22,0.0569995,0.31339955,0.25640005,0.4302004,0.93713266,-0.96712893,0.5800139
2023-05-03,16,-0.3245023,0.17695524,0.5014575,0.32158723,0.725057,-0.9470875,0.6006046
2023-05-09,18,-0.24596159,0.10951739,0.35547897,0.53500366,0.7375034,-0.9540544,0.44908
2023-05-11,20,-0.22352174,0.18237811,0.40589985,0.41172203,0.89782566,-0.9574942,0.60043246
2023-05-23,17,-0.38409272,0.116265066,0.5003578,0.38337713,0.58676827,-0.9576884,0.5794317
2023-05-25,16,-0.050594684,0.2642368,0.3148315,0.42093167,0.9251393,-0.95551205,0.6067667
2023-05-31,26,-0.31528968,0.15853976,0.47382942,0.3676308,0.814714,-0.9640976,0.5739537
2023-06-05,19,-0.27631232,0.18441176,0.4607241,0.35486418,0.9167551,-0.9606722,0.59608996
2023-06-15,23,0.15318966,0.32986203,0.17667235,0.49346563,0.9254594,-0.8634405,0.49178764
2023-06-16,34,-0.001949852,0.24420135,0.2461512,0.5096474,0.811744,-0.9600836,0.4633737
2023-06-23,23,-0.21184799,0.2181514,0.42999938,0.35184923,0.916988,-0.9601378,0.6314381
2023-06-26,22,-0.29062125,0.08321192,0.37383315,0.5429549,0.17441466,-0.94937474,0.40212148
2023-06-28,23,-0.050014906,0.29200628,0.3420212,0.36597252,0.907076,-0.9506502,0.6693501
2023-06-29,14,0.101152584,0.38994426,0.2887917,0.32126406,0.92468226,-0.89866316,0.5648928
2023-06-30,20,0.38045818,0.48301083,0.10255263,0.41443658,0.9178402,-0.08340046,0.3489893
2023-07-07,23,-0.1695375,0.29335868,0.46289617,0.24374518,0.925251,-0.95342463,0.6963311
2023-07-11,15,-0.020387443,0.23207226,0.25245968,0.51546806,0.8775864,-0.91796005,0.46692833
2023-07-13,18,0.4573936,0.5254606,0.068066984,0.40647238,0.9069698,-0.019879112,0.375152
2023-07-14,12,-0.23391537,0.27514225,0.50905764,0.2158001,0.8813413,-0.9665405,0.5873962
2023-07-28,22,0.06330539,0.34064457,0.27733916,0.38201627,0.8334509,-0.9551123,0.5848467
2023-08-01,26,-0.045645155,0.31055257,0.3561977,0.33324972,0.8901911,-0.9610682,0.62166023
2023-08-07,25,-0.074860096,0.32043016,0.39529023,0.28427964,0.8890985,-0.96050954,0.68609065
2023-08-11,12,-0.34199512,0.124813445,0.46680856,0.408378,0.69395447,-0.9180963,0.5456726
2023-08-18,16,-0.2654367,0.23919816,0.50463486,0.25616693,0.9027531,-0.9572298,0.6833471
2023-08-22,27,-0.26878858,0.14971417,0.41850278,0.43178305,0.89004576,-0.9668381,0.536918
2023-08-25,22,0.042597577,0.35114115,0.30854356,0.34031525,0.86804986,-0.9413009,0.4804169
2023-09-06,23,-0.15895273,0.19983022,0.35878295,0.44138685,0.91149783,-0.9616199,0.5522228
2023-09-07,20,-0.42068046,0.10404936,0.52472985,0.3712208,0.734974,-0.9579507,0.4774767
2023-09-11,16,-0.042242117,0.2373462,0.2795883,0.48306546,0.8609513,-0.9499815,0.49254876
2023-09-12,33,-0.2034663,0.22864412,0.4321104,0.33924547,0.90409553,-0.96130776,0.67721653
2023-09-15,24,-0.06727135,0.29453465,0.361806,0.34365937,0.89167374,-0.9588751,0.64519435
2023-09-18,14,-0.2845318,0.15342912,0.4379609,0.40860996,0.7383134,-0.95357674,0.5756082
2023-09-19,15,-0.3320483,0.06917577,0.40122408,0.5296002,0.26252735,-0.96139705,0.47752303
2023-09-26,5,-0.633338,0.022756323,0.6560943,0.32114938,-0.0057029612,-0.9635601,0.39675122
2023-09-29,31,-0.17637342,0.29659098,0.4729644,0.23044461,0.9193365,-0.9618174,0.7254546
2023-10-16,33,0.08091626,0.3754006,0.29448435,0.33011505,0.9082143,-0.9637032,0.64101833
2023-10-23,18,-0.35418066,0.15002976,0.5042104,0.3457598,0.3729434,-0.9608011,0.45029613
2023-10-26,19,-0.58894,0.07645964,0.6653997,0.2581407,0.5464927,-0.9582852,0.46892387
2023-10-27,21,-0.5312999,0.11453416,0.6458341,0.23963174,0.9134532,-0.9594939,0.5415177
2023-11-07,24,0.083613,0.37565693,0.29204392,0.33229914,0.89583385,-0.9469029,0.63454103
2023-11-08,24,0.07253756,0.35473695,0.2821994,0.36306366,0.878118,-0.9446299,0.5598364
2023-11-14,21,0.039901137,0.38778183,0.3478807,0.26433748,0.9192071,-0.94832647,0.60398716
2023-11-17,21,-0.040451683,0.32063782,0.3610895,0.31827268,0.8940719,-0.9168898,0.6480639
2023-11-24,16,-0.23295535,0.21130997,0.44426534,0.34442472,0.65919864,-0.95019543,0.53746957
2023-11-28,14,-0.29031405,0.12428636,0.4146004,0.46111324,0.50079966,-0.95014954,0.4958322
2023-11-29,15,-0.21179825,0.23279707,0.44459534,0.3226076,0.7896279,-0.96629256,0.64844066
2023-12-11,39,0.21012367,0.35037875,0.14025506,0.5093662,0.91674554,-0.9300396,0.47483116
2023-12-18,21,0.21061325,0.4101689,0.1995556,0.39027554,0.91954684,-0.92612785,0.5616289
2023-12-20,16,-0.5716388,0.0711017,0.64274055,0.2861578,0.085274756,-0.95264834,0.40849194
2023-12-21,24,-0.09302535,0.22163491,0.31466025,0.46370485,0.8424221,-0.9629817,0.54310304
2023-12-22,16,-0.12866308,0.15674923,0.2854123,0.5578385,0.80288863,-0.9523038,0.47172928
2024-01-05,18,-0.2769192,0.1999668,0.47688594,0.32314718,0.8495527,-0.958372,0.5927182
2024-02-06,8,-0.023455855,0.30700317,0.330459,0.36253783,0.88145995,-0.82168746,0.50195247
2024-02-07,9,-0.003941493,0.38980603,0.39374754,0.21644641,0.8907921,-0.92019355,0.7182085
2024-02-14,16,0.13540998,0.39311597,0.257706,0.34917802,0.86480343,-0.9530193,0.57936937
2024-02-16,29,-0.1135686,0.2353418,0.3489104,0.41574782,0.7535096,-0.9461289,0.502898
2024-02-22,26,0.41001892,0.5242145,0.114195585,0.36158994,0.92113096,-0.3949226,0.37431642
2024-02-23,23,0.44946533,0.62304544,0.1735801,0.20337449,0.8850003,-0.7655549,0.43573794
2024-02-27,21,-0.059128433,0.26308158,0.32221,0.4147084,0.82010096,-0.95918834,0.57808894
2024-03-01,31,0.3225054,0.5342204,0.21171495,0.25406465,0.9208192,-0.94284093,0.48451743
